cc_num,first,last,trans_num,trans_date,trans_time,unix_time,category,merchant,amt,merch_lat,merch_long,is_fraud
5157436163845247,Sara,Crawford,8e0299d3779108d4d28caa4381c8c26b,2012-01-02T00:00:00.000+05:30,01:23:34,1325467414,health_fitness,Dietrich-Fadel,1774,33.619662,-117.391852,1
5157436163845247,Sara,Crawford,2fe127c95a68344e6437cc88d35ab5e2,2012-01-02T00:00:00.000+05:30,01:52:06,1325469126,shopping_pos,Lynch Ltd,2013,34.570986,-118.71129,1
5157436163845247,Sara,Crawford,80d1082017324144866e8254de15b37d,2012-01-02T00:00:00.000+05:30,02:00:37,1325469637,shopping_pos,Hudson-Grady,1801,36.988153,-120.376765,1
5157436163845247,Sara,Crawford,c3d13d0ac25edc93448148f8ce51d375,2012-01-02T00:00:00.000+05:30,23:06:58,1325545618,kids_pets,"Yost, Schamberger and Windler",1978,34.865241,-117.415518,1
5157436163845247,Sara,Crawford,f7afbdef045b1316f7a5eb1d82ce8604,2012-01-02T00:00:00.000+05:30,23:14:41,1325546081,home,Collier LLC,1106,36.29832,-118.863027,1
5157436163845247,Sara,Crawford,18ebcfe1cf2da133be4841f6ce8df45b,2012-01-02T00:00:00.000+05:30,23:20:38,1325546438,grocery_pos,Hackett-Lueilwitz,2242,36.258304,-119.416048,1
5157436163845247,Sara,Crawford,8d5cec66e5ee72fe0962da40bf0a913d,2012-01-02T00:00:00.000+05:30,23:45:49,1325547949,food_dining,"Kutch, Steuber and Gerhold",1238,34.976981,-119.638322,1
5157436163845247,Sara,Crawford,b260b815d4d07f909813d7112e852741,2012-01-02T00:00:00.000+05:30,23:49:56,1325548196,grocery_pos,Koepp-Parker,1310,33.766069,-120.140781,1
5157436163845247,Sara,Crawford,d4217914d8d6d76c511a16a6d5ac8ee5,2012-01-02T00:00:00.000+05:30,23:55:08,1325548508,misc_pos,Simonis-Prohaska,2603,35.401589,-118.340026,1
5157436163845247,Sara,Crawford,865823042de47eafaeaf9db0b05a3eb8,2012-01-03T00:00:00.000+05:30,00:27:52,1325550472,kids_pets,Fahey Inc,2786,33.642491,-120.475572,1
30260722249657,Debra,Davis,993dd1591dddf4100d214a782f135fa7,2012-01-03T00:00:00.000+05:30,00:50:14,1325551814,shopping_pos,Pagac LLC,105,42.102573,-83.023929,1
5157436163845247,Sara,Crawford,469a347fdac3c5d8e33e5e182c8ecd69,2012-01-03T00:00:00.000+05:30,02:34:08,1325558048,entertainment,Stark-Batz,1825,36.830873,-117.558296,1
5157436163845247,Sara,Crawford,e4bf8bf72c3187d4acb06fb94e029fc4,2012-01-03T00:00:00.000+05:30,02:50:05,1325559005,shopping_pos,"Roob, Conn and Tremblay",2476,34.135477,-117.699191,1
5157436163845247,Sara,Crawford,4222e951a35216e89089161ca27f43d3,2012-01-03T00:00:00.000+05:30,03:00:46,1325559646,health_fitness,Torphy-Kertzmann,1580,33.722255,-117.662093,1
4515092388857440,Timothy,Silva,d2eb472cb3da338b38e2343ea94bda25,2012-01-03T00:00:00.000+05:30,03:15:47,1325560547,shopping_pos,Hickle Group,275,40.008847,-84.138624,1
5157436163845247,Sara,Crawford,1c59a298ea437001bf38b6e893ace68a,2012-01-03T00:00:00.000+05:30,08:32:57,1325579577,kids_pets,"Streich, Rolfson and Wilderman",570,34.590585,-117.728676,1
30260722249657,Debra,Davis,5f6a7b065e534062c22b5d61386d4565,2012-01-03T00:00:00.000+05:30,13:44:49,1325598289,shopping_net,"Ruecker, Beer and Collier",98,43.979637,-85.076657,1
30260722249657,Debra,Davis,d5190b3cf35cbaad6309a24061b3fb6e,2012-01-03T00:00:00.000+05:30,22:00:33,1325628033,grocery_pos,Stracke-Lemke,104,42.227758,-83.298898,1
5157436163845247,Sara,Crawford,df4048734784450c24ea941a82969573,2012-01-03T00:00:00.000+05:30,22:04:16,1325628256,grocery_pos,Stracke-Lemke,1314,36.598734,-120.395032,1
5157436163845247,Sara,Crawford,a16baf75fd5376eb71f38a5bb81a7fdc,2012-01-03T00:00:00.000+05:30,22:07:06,1325628426,grocery_pos,Heidenreich PLC,1113,36.628869,-120.537268,1
30260722249657,Debra,Davis,0ab92de62c83e784e8885b026ab4ee4d,2012-01-03T00:00:00.000+05:30,22:21:34,1325629294,grocery_pos,Deckow-OConner,105,41.648264,-84.903294,1
30260722249657,Debra,Davis,9b394b654aec4ef477ad4d44e4de580c,2012-01-03T00:00:00.000+05:30,22:44:35,1325630675,shopping_net,"Ruecker, Beer and Collier",98,40.945842,-83.780352,1
4515092388857440,Timothy,Silva,60698d9de62dacda8c34316f13174e62,2012-01-03T00:00:00.000+05:30,22:58:27,1325631507,travel,"Schroeder, Wolff and Hermiston",448,42.890426,-84.53632,1
4515092388857440,Timothy,Silva,d5e23e4d28b82fc44b1651d607bb9d43,2012-01-03T00:00:00.000+05:30,23:00:28,1325631628,shopping_net,Boyer PLC,285,41.204289,-83.96209,1
5132731018032805,Scott,Robertson,2eaab188a4252b884fa79100556c56cb,2012-01-04T00:00:00.000+05:30,00:16:54,1325636214,shopping_pos,"Nitzsche, Kessler and Wolff",384,33.534171,-108.354897,1
30260722249657,Debra,Davis,0caa0f796b313457ecd98954277da075,2012-01-04T00:00:00.000+05:30,01:05:17,1325639117,grocery_net,Rowe-Vandervort,112,42.629044,-82.562647,1
30260722249657,Debra,Davis,56d15fc5637957b8a7145cd6ad3e690d,2012-01-04T00:00:00.000+05:30,01:09:43,1325639383,misc_net,Dooley-Thompson,110,41.119882,-82.534468,1
348933408404369,Holly,Martinez,5bd0837ed03161bff78ce69294af3dce,2012-01-04T00:00:00.000+05:30,01:14:11,1325639651,misc_net,"Bernier, Volkman and Hoeger",2028,33.656883,-81.448725,1
348933408404369,Holly,Martinez,06c94aeac8a9b9fea3341ac0f9a80882,2012-01-04T00:00:00.000+05:30,02:01:36,1325642496,misc_net,Huel Ltd,1147,33.913417,-82.950487,1
180036251237802,Melissa,James,ae03ccfc99fdd4029aad7074423ea544,2012-01-04T00:00:00.000+05:30,02:16:17,1325643377,misc_net,Miller-Harris,995,36.441415,-84.621751,1
4515092388857440,Timothy,Silva,fbbdf4388ce61d9d636bfafa6adac40c,2012-01-04T00:00:00.000+05:30,02:24:03,1325643843,misc_net,"Johnson, Runolfsdottir and Mayer",980,40.792101,-83.604083,1
180036251237802,Melissa,James,4eac5b955acf949d491297aac4826ce4,2012-01-04T00:00:00.000+05:30,03:08:26,1325646506,misc_net,Flatley-Durgan,1965,38.270652,-84.731946,1
30260722249657,Debra,Davis,834f8e40f1b7331427001ce7198804ef,2012-01-04T00:00:00.000+05:30,03:09:45,1325646585,misc_net,Huel-Langworth,100,43.895609,-84.103311,1
30260722249657,Debra,Davis,e3c0ef05b968ec6b8717269d8a6506b9,2012-01-04T00:00:00.000+05:30,03:11:22,1325646682,shopping_net,"Labadie, Treutel and Bode",131,41.631748,-83.907423,1
4515092388857440,Timothy,Silva,fd6c510a755221dc31d97722e50b692e,2012-01-04T00:00:00.000+05:30,03:17:05,1325647025,shopping_pos,Mohr Inc,522,40.46229,-83.838329,1
30260722249657,Debra,Davis,0fb280a9635a5208d02058f9ecaa0b34,2012-01-04T00:00:00.000+05:30,03:43:59,1325648639,misc_net,"Kerluke, Kertzmann and Wiza",101,43.336152,-81.801405,1
4515092388857440,Timothy,Silva,dd31578a48591281040af8beee106f0f,2012-01-04T00:00:00.000+05:30,03:53:14,1325649194,misc_net,Volkman Ltd,1213,40.489214,-82.900407,1
180036251237802,Melissa,James,499583f58e2b4e1ac7dc4325ddb59167,2012-01-04T00:00:00.000+05:30,04:58:16,1325653096,misc_net,"Johnson, Runolfsdottir and Mayer",1178,36.862826,-84.91117,1
348933408404369,Holly,Martinez,03fde8c24ae1065df2dc32922e6989a2,2012-01-04T00:00:00.000+05:30,15:56:48,1325692608,grocery_pos,Bogisich Inc,1607,33.257062,-82.308571,1
30260722249657,Debra,Davis,ec1875a7338eac22a9eb7740ae9211e4,2012-01-04T00:00:00.000+05:30,17:43:44,1325699024,shopping_net,Terry-Huel,109,42.996163,-83.040839,1
30260722249657,Debra,Davis,c473b89341db4df2a3dea656aafa2467,2012-01-04T00:00:00.000+05:30,18:28:17,1325701697,grocery_pos,"Schoen, Kuphal and Nitzsche",117,41.608547,-82.833291,1
180036251237802,Melissa,James,f8b74394e34facbf2209893249ddd166,2012-01-04T00:00:00.000+05:30,18:36:08,1325702168,shopping_net,Stamm-Witting,2042,37.044473,-82.732793,1
5132731018032805,Scott,Robertson,3cf3ac668ea067a1b9f8ed5fad28f018,2012-01-04T00:00:00.000+05:30,18:43:37,1325702617,grocery_pos,DuBuque LLC,361,35.051372,-108.325095,1
4515092388857440,Timothy,Silva,dc30375543e85ef00857d4a540282afc,2012-01-04T00:00:00.000+05:30,22:02:36,1325714556,grocery_pos,DuBuque LLC,672,43.047294,-81.646718,1
180036251237802,Melissa,James,e8b482a3eb37655c0ce434ca49798458,2012-01-04T00:00:00.000+05:30,22:08:01,1325714881,grocery_pos,Barton Inc,1723,36.423049,-82.077869,1
348933408404369,Holly,Martinez,9ab01f31cb03868c41beef4f2bd74935,2012-01-04T00:00:00.000+05:30,23:08:07,1325718487,entertainment,Padberg-Rogahn,388,32.070263,-82.29422,1
5132731018032805,Scott,Robertson,6a7a7cb673fdbf30d29348d1a9b90634,2012-01-04T00:00:00.000+05:30,23:10:15,1325718615,shopping_net,Cormier LLC,248,32.833392,-108.353356,1
180036251237802,Melissa,James,122b29e9fd69ed43223ad7a56cf38881,2012-01-04T00:00:00.000+05:30,23:11:52,1325718712,shopping_net,Stamm-Witting,2583,38.486696,-84.115076,1
4515092388857440,Timothy,Silva,3f9bcbed05a88edbbd051a0a83df29a1,2012-01-04T00:00:00.000+05:30,23:13:14,1325718794,shopping_net,"Baumbach, Feeney and Morar",1197,42.647132,-81.792874,1
348933408404369,Holly,Martinez,c4770f96b09668ccdb113994ed761469,2012-01-04T00:00:00.000+05:30,23:13:35,1325718815,grocery_pos,Lockman Ltd,1063,33.622039,-83.414951,1
30260722249657,Debra,Davis,1c5e72f8b3a7ced60fff361d1a590927,2012-01-04T00:00:00.000+05:30,23:15:11,1325718911,grocery_pos,Kunze Inc,103,43.660555,-82.126723,1
5132731018032805,Scott,Robertson,f88ece0a58ddb52ea0ed13ba8bfba9ae,2012-01-04T00:00:00.000+05:30,23:15:59,1325718959,grocery_pos,Cartwright-Harris,183,32.821241,-106.763353,1
30260722249657,Debra,Davis,ff89fd8e97fbe06c1ef525333fbc3b92,2012-01-04T00:00:00.000+05:30,23:22:12,1325719332,misc_pos,Flatley Group,133,43.365847,-83.260191,1
30260722249657,Debra,Davis,5b74f820c6f496fc9c74ec68888eb4fb,2012-01-04T00:00:00.000+05:30,23:48:03,1325720883,grocery_pos,Murray-Smitham,105,40.953973,-83.19411,1
5132731018032805,Scott,Robertson,bbfabf6d33c09363e733ea7c972cc14d,2012-01-04T00:00:00.000+05:30,23:53:15,1325721195,grocery_pos,Kiehn-Emmerich,231,32.859924,-107.56576,1
348933408404369,Holly,Martinez,ecff128978609e92412c31a06060bf78,2012-01-05T00:00:00.000+05:30,00:03:29,1325721809,misc_net,McGlynn-Heathcote,2162,33.75589,-82.986089,1
5132731018032805,Scott,Robertson,942da80618a8d46bcd4181ca28668ad6,2012-01-05T00:00:00.000+05:30,00:19:03,1325722743,misc_net,Dach-Nader,486,35.820968,-107.820353,1
6011537727192499,James,Walker,f7de7dcf299af107d23fd6bc9fb11c6b,2012-01-05T00:00:00.000+05:30,01:05:00,1325725500,misc_net,Kuhn LLC,476,40.459557,-93.38918,1
180036251237802,Melissa,James,9d7c4be60bd47ddcf00b4e9653b2c452,2012-01-05T00:00:00.000+05:30,01:17:46,1325726266,shopping_pos,Denesik and Sons,2492,38.050011,-83.086649,1
348933408404369,Holly,Martinez,b5fd6f536939bb08dd3d6dd89fc9ce36,2012-01-05T00:00:00.000+05:30,01:31:47,1325727107,misc_net,Dach-Nader,1007,33.657065,-83.264429,1
5132731018032805,Scott,Robertson,1b2aaf104a45303ade31a574588f3b23,2012-01-05T00:00:00.000+05:30,02:37:33,1325731053,misc_net,"Tillman, Fritsch and Schmitt",228,32.873721,-106.028522,1
30021746099829,James,Rodriguez,1c6e0c754417416ea96028ab56395e20,2012-01-05T00:00:00.000+05:30,12:27:30,1325766450,grocery_pos,Cole PLC,553,41.755421,-95.350604,1
6011537727192499,James,Walker,dcac37563795973ac35bb079271c6d27,2012-01-05T00:00:00.000+05:30,14:43:13,1325774593,grocery_pos,"Schumm, Bauch and Ondricka",1025,40.492978,-96.261204,1
30021746099829,James,Rodriguez,c341e04fc9dcfb9be7e95beaee063f96,2012-01-05T00:00:00.000+05:30,15:33:04,1325777584,shopping_net,"Towne, Greenholt and Koepp",927,42.536365,-95.882432,1
6011537727192499,James,Walker,7d50ee3a66d00ae123de59a26ed5dac9,2012-01-05T00:00:00.000+05:30,16:58:29,1325782709,misc_pos,Torp-Lemke,958,40.527824,-95.869833,1
5132731018032805,Scott,Robertson,385e9a5cf3c18353d65e79c63acce13d,2012-01-05T00:00:00.000+05:30,17:18:10,1325783890,food_dining,Haag-Blanda,423,33.075398,-108.000105,1
180036251237802,Melissa,James,3cdd967c08db68880134b17ee612995d,2012-01-05T00:00:00.000+05:30,22:02:25,1325800945,grocery_pos,Heidenreich PLC,674,36.924184,-82.915449,1
30021746099829,James,Rodriguez,cdd8e4a0bad724c670d93bb194acde05,2012-01-05T00:00:00.000+05:30,22:02:53,1325800973,travel,"Eichmann, Hayes and Treutel",620,41.042461,-97.92798,1
30021746099829,James,Rodriguez,c4abcac71afabd7a47719ea1ee052c4e,2012-01-05T00:00:00.000+05:30,22:03:04,1325800984,grocery_pos,Kutch and Sons,1159,42.767155,-96.07318,1
5132731018032805,Scott,Robertson,9e4fbfbc81ad4d874b367accc3d69dcb,2012-01-05T00:00:00.000+05:30,22:03:50,1325801030,grocery_pos,Vandervort-Funk,370,35.858062,-105.549956,1
6011537727192499,James,Walker,a80cd3a8068b97501f0a5dbbcb22f60e,2012-01-05T00:00:00.000+05:30,22:12:41,1325801561,grocery_pos,Hudson-Ratke,554,38.533392,-93.674884,1
30021746099829,James,Rodriguez,cbe94f52602b8b124e7742627281acb2,2012-01-05T00:00:00.000+05:30,22:15:36,1325801736,gas_transport,Schmitt Inc,1373,42.439604,-97.134104,1
5132731018032805,Scott,Robertson,7e9d35177f8b2ed93794b989e358d139,2012-01-05T00:00:00.000+05:30,22:29:58,1325802598,shopping_pos,Macejkovic-Lesch,551,34.24502,-107.166779,1
180036251237802,Melissa,James,f95517fbc6167e00f6adfb3c6c1f1d03,2012-01-05T00:00:00.000+05:30,22:37:28,1325803048,grocery_pos,"Mosciski, Gislason and Mertz",2361,39.132252,-84.00291,1
348933408404369,Holly,Martinez,13b1a1bbd9267dd39ef04d9045812d0e,2012-01-05T00:00:00.000+05:30,22:42:38,1325803358,shopping_net,"Mosciski, Ziemann and Farrell",1497,31.360966,-83.194294,1
30021746099829,James,Rodriguez,a92747df6ad06f0a1e686cf630125e83,2012-01-05T00:00:00.000+05:30,22:45:53,1325803553,shopping_net,Kuhic LLC,1134,42.443982,-95.394454,1
5132731018032805,Scott,Robertson,20b8f9e3a9fd8e2a3149f0fb00fb46f0,2012-01-05T00:00:00.000+05:30,22:50:07,1325803807,shopping_net,"Romaguera, Cruickshank and Greenholt",325,34.259724,-105.700349,1
180036251237802,Melissa,James,f5ebbe07eb6fbcf3f194cd24f4b9bff8,2012-01-05T00:00:00.000+05:30,22:58:32,1325804312,gas_transport,"Streich, Hansen and Veum",262,38.769577,-83.270116,1
30021746099829,James,Rodriguez,0412e578836a7d0f064ba4f50d3c065d,2012-01-05T00:00:00.000+05:30,22:59:39,1325804379,shopping_net,Kuhic LLC,884,41.923835,-95.051368,1
6011537727192499,James,Walker,623ef606c93a0c8f2f3013405a3af40b,2012-01-05T00:00:00.000+05:30,23:05:34,1325804734,grocery_pos,Barton Inc,1135,38.37269,-95.298758,1
180036251237802,Melissa,James,f5961217ad20bcb888558e451c0555b8,2012-01-05T00:00:00.000+05:30,23:24:16,1325805856,shopping_net,Fisher Inc,2108,37.136794,-84.940593,1
5132731018032805,Scott,Robertson,176b61ed4fa5c15828f163c510db4c90,2012-01-05T00:00:00.000+05:30,23:24:30,1325805870,entertainment,Gibson-Deckow,300,33.651769,-105.376854,1
5132731018032805,Scott,Robertson,f21306f3eaf51c3bcfd2d50f78b73f6c,2012-01-05T00:00:00.000+05:30,23:27:31,1325806051,grocery_pos,"Schoen, Kuphal and Nitzsche",394,35.772945,-106.716732,1
30021746099829,James,Rodriguez,383580924ff1d27e68517fcbfe54dd88,2012-01-05T00:00:00.000+05:30,23:37:05,1325806625,grocery_pos,Pacocha-OReilly,1071,41.380185,-94.981779,1
5132731018032805,Scott,Robertson,b3c08fad49923bb971d33f758212142d,2012-01-05T00:00:00.000+05:30,23:37:07,1325806627,grocery_pos,"Schoen, Kuphal and Nitzsche",379,34.485007,-107.361041,1
30021746099829,James,Rodriguez,95b8d60f4cb1571e4cfd6e21a02af28e,2012-01-05T00:00:00.000+05:30,23:42:25,1325806945,shopping_pos,"Bahringer, Schoen and Corkery",390,42.154759,-98.000942,1
5132731018032805,Scott,Robertson,fc37b804e15c5462a011eb57699c06e0,2012-01-05T00:00:00.000+05:30,23:50:37,1325807437,grocery_pos,Rutherford-Mertz,216,34.162822,-105.436704,1
6011537727192499,James,Walker,fb9bbcaf644509dade30498061bd7faa,2012-01-05T00:00:00.000+05:30,23:51:41,1325807501,grocery_pos,"Kovacek, Dibbert and Ondricka",1358,38.903456,-95.525478,1
6011537727192499,James,Walker,caf2c268d54e6304c6ad4aa28477e891,2012-01-06T00:00:00.000+05:30,00:28:58,1325809738,misc_net,Kuphal-Predovic,439,37.617222,-95.568788,1
6011165671471311,Devin,Hunter,a7b6d2e8a781d13c35ff4d07322ae5c1,2012-01-06T00:00:00.000+05:30,00:42:06,1325810526,shopping_pos,"Nitzsche, Kessler and Wolff",1029,39.2178,-121.6846,1
6011165671471311,Devin,Hunter,860e15d4c547c27c89ff59f4295c2a98,2012-01-06T00:00:00.000+05:30,01:12:11,1325812331,shopping_pos,"Weimann, Kuhic and Beahan",769,36.530588,-123.040627,1
6011537727192499,James,Walker,8545e519bb006678c28021af6a00fd26,2012-01-06T00:00:00.000+05:30,01:39:12,1325813952,misc_net,"Bernier, Volkman and Hoeger",748,38.909668,-93.26755,1
379684560931689,Cindy,Martin,e1ea0568f0fb067d02a9f4ca259a1f67,2012-01-06T00:00:00.000+05:30,03:47:21,1325821641,misc_net,"Lehner, Mosciski and King",605,41.673862,-95.644693,1
379684560931689,Cindy,Martin,e007a87948bef116e408f62958b28c37,2012-01-06T00:00:00.000+05:30,05:15:07,1325826907,personal_care,"Roberts, Ryan and Smith",820,42.172025,-96.759026,1
379684560931689,Cindy,Martin,4fbbf903477fa7fb4ea067590b52935e,2012-01-06T00:00:00.000+05:30,13:11:41,1325855501,shopping_net,Kozey-Boehm,1346,39.907753,-95.020888,1
6011165671471311,Devin,Hunter,d11ba10f787e5eef9f13604c3509dcfe,2012-01-06T00:00:00.000+05:30,17:20:17,1325870417,shopping_net,Jast Ltd,686,37.146192,-122.200513,1
379684560931689,Cindy,Martin,a15c5eab12b63a731ddbbd1624f6d0fa,2012-01-06T00:00:00.000+05:30,19:22:03,1325877723,gas_transport,"Raynor, Reinger and Hagenes",346,40.506301,-96.025746,1
379684560931689,Cindy,Martin,edde6b0e570c73e897eeacd210829cd0,2012-01-06T00:00:00.000+05:30,21:21:35,1325884895,grocery_pos,"Goldner, Kovacek and Abbott",721,40.199257,-96.064322,1
6011165671471311,Devin,Hunter,9413e184b6546a5000031ea74d057cc0,2012-01-06T00:00:00.000+05:30,21:50:10,1325886610,shopping_net,Fisher-Schowalter,1093,36.3773,-121.427778,1
6011165671471311,Devin,Hunter,d0e3eaad6e6cbd107cb795112706c645,2012-01-06T00:00:00.000+05:30,22:01:56,1325887316,gas_transport,"Olson, Becker and Koch",1145,36.97491,-120.932825,1
6011165671471311,Devin,Hunter,1be4a7c75d219de185600f7b7c87a9c0,2012-01-06T00:00:00.000+05:30,22:15:07,1325888107,gas_transport,"Raynor, Feest and Miller",549,37.612125,-121.08655,1
379684560931689,Cindy,Martin,e551f91aae874ac41e4dc34e78ecd08a,2012-01-06T00:00:00.000+05:30,22:25:14,1325888714,grocery_pos,Deckow-OConner,1971,39.966486,-96.778523,1
30021746099829,James,Rodriguez,c5107cf06dab9dc9fb2575acd823aee6,2012-01-06T00:00:00.000+05:30,22:39:23,1325889563,grocery_pos,Heidenreich PLC,256,41.238849,-98.005397,1
6011537727192499,James,Walker,2bff88265e28cd5f33ca6574ece083c1,2012-01-06T00:00:00.000+05:30,22:52:39,1325890359,shopping_net,Auer-West,1051,37.917183,-93.506216,1
30021746099829,James,Rodriguez,be79526337803f8e171b9e33c6397a78,2012-01-06T00:00:00.000+05:30,22:55:19,1325890519,misc_pos,Gislason Group,1256,41.131247,-95.671122,1
30021746099829,James,Rodriguez,c2c3cbf85fd81233afb5bdcc515cfd59,2012-01-06T00:00:00.000+05:30,23:16:37,1325891797,grocery_pos,"Casper, Hand and Zulauf",394,43.265971,-95.557303,1
6011537727192499,James,Walker,eaec961e54484d23799a6386fe6ab789,2012-01-06T00:00:00.000+05:30,23:58:17,1325894297,grocery_pos,Vandervort-Funk,1219,39.488533,-94.802365,1
3593533875650654,Cindy,Ray,db231930713d0e3bc09d5f736456e092,2012-01-07T00:00:00.000+05:30,01:04:00,1325898240,gas_transport,Luettgen PLC,126,40.315689,-87.871549,1
3593533875650654,Cindy,Ray,7375ee9e49e8b74a12d49412168f25e1,2012-01-07T00:00:00.000+05:30,02:11:31,1325902291,shopping_pos,Stoltenberg-Beatty,125,40.630496,-89.484667,1
3593533875650654,Cindy,Ray,a681aa80abc9f7a91e8e343ba52ed570,2012-01-07T00:00:00.000+05:30,02:50:34,1325904634,travel,"Kilback, Nitzsche and Leffler",99,40.950226,-87.269371,1
3593533875650654,Cindy,Ray,e31c0b5cdecfc01f9b8351de7e459470,2012-01-07T00:00:00.000+05:30,03:35:09,1325907309,shopping_pos,"Douglas, Schneider and Turner",126,40.396302,-88.914735,1
676165681542,John,Garcia,fad8536beeed1c640bbb3f815d6b4d15,2012-01-07T00:00:00.000+05:30,08:56:39,1325926599,shopping_pos,"Swaniawski, Lowe and Robel",272,45.864942,-122.297378,1
6011165671471311,Devin,Hunter,11409ffac259bd1440d90cb67129ccc0,2012-01-07T00:00:00.000+05:30,10:47:28,1325933248,shopping_pos,Kuhn LLC,377,39.36611,-120.85746,1
676165681542,John,Garcia,9a98420a5c292ab89cafd5a4832e515f,2012-01-07T00:00:00.000+05:30,11:44:27,1325936667,shopping_pos,Hudson-Grady,218,43.460305,-122.714836,1
379684560931689,Cindy,Martin,ba03840a7d4d121725fc72d099ae89b8,2012-01-07T00:00:00.000+05:30,16:23:14,1325953394,food_dining,Bahringer-Streich,2181,41.556937,-96.971414,1
6011165671471311,Devin,Hunter,1957c1b4b12ffa28a00a2f95ab3fe808,2012-01-07T00:00:00.000+05:30,17:31:04,1325957464,grocery_pos,Murray-Smitham,1171,36.475152,-123.983273,1
3593533875650654,Cindy,Ray,7e5bf38cf0d9469c44582f5f074e3d71,2012-01-07T00:00:00.000+05:30,22:02:35,1325973755,shopping_net,"Kuhic, Bins and Pfeffer",118,43.150952,-88.082521,1
3593533875650654,Cindy,Ray,5df86bbfcb14ee364e0e6af3cd765206,2012-01-07T00:00:00.000+05:30,22:12:38,1325974358,shopping_net,"Heathcote, Yost and Kertzmann",124,42.496387,-89.444639,1
6011165671471311,Devin,Hunter,4d9e7792f7fe673c3c08ef0a0e53a360,2012-01-07T00:00:00.000+05:30,22:30:10,1325975410,grocery_pos,"Schultz, Simonis and Little",496,38.920968,-122.388238,1
6011165671471311,Devin,Hunter,d64a73345a245c55c1cec9c5ffd36f17,2012-01-07T00:00:00.000+05:30,22:47:23,1325976443,shopping_net,Gerlach Inc,1122,37.202723,-123.70687,1
676165681542,John,Garcia,fb3317e878508663ef2905c23134d8ca,2012-01-07T00:00:00.000+05:30,22:54:18,1325976858,shopping_net,Fisher-Schowalter,1046,45.312792,-121.443356,1
379684560931689,Cindy,Martin,896205bdcc31ee72a68539d35e7aee96,2012-01-07T00:00:00.000+05:30,23:12:03,1325977923,grocery_pos,Kutch and Sons,1501,39.531853,-95.363732,1
676165681542,John,Garcia,f8696a67ade91d92cf9f9d1ae9b19fcd,2012-01-07T00:00:00.000+05:30,23:12:44,1325977964,grocery_pos,Vandervort-Funk,1069,46.256944,-122.626672,1
6011165671471311,Devin,Hunter,d1058f30993a476c37c69f606bc064ab,2012-01-07T00:00:00.000+05:30,23:18:36,1325978316,gas_transport,"Streich, Hansen and Veum",366,37.100631,-123.907223,1
3593533875650654,Cindy,Ray,38d2356b272949aceb092e5a38b5a98a,2012-01-07T00:00:00.000+05:30,23:19:07,1325978347,grocery_pos,"Kovacek, Dibbert and Ondricka",104,40.301477,-88.678403,1
6011165671471311,Devin,Hunter,d5459cb413b21d7e67cdb51aa21eab32,2012-01-07T00:00:00.000+05:30,23:28:17,1325978897,shopping_net,Fisher Inc,964,38.478585,-123.716284,1
3593533875650654,Cindy,Ray,ff6cc7c1458242dbf52c0059bfa7910b,2012-01-07T00:00:00.000+05:30,23:48:43,1325980123,shopping_net,"Reichert, Huels and Hoppe",103,42.807207,-88.892245,1
379684560931689,Cindy,Martin,5a5378747f2e3369eb14d252a354c30e,2012-01-07T00:00:00.000+05:30,23:48:50,1325980130,shopping_net,"Stanton, Jakubowski and Baumbach",1611,41.1636,-96.948032,1
3593533875650654,Cindy,Ray,b212de4769ae2d9f029b833efb083b93,2012-01-07T00:00:00.000+05:30,23:54:03,1325980443,shopping_net,Price Inc,105,40.262594,-89.985783,1
3593533875650654,Cindy,Ray,6d5e7da06d7c25a38db5ce40875c835d,2012-01-07T00:00:00.000+05:30,23:54:13,1325980453,shopping_net,Terry-Huel,112,40.930905,-87.023055,1
379684560931689,Cindy,Martin,947ff9d0463f147bba0bd5c68295578d,2012-01-07T00:00:00.000+05:30,23:54:28,1325980468,gas_transport,"Kutch, Hermiston and Farrell",913,42.524982,-94.994171,1
676165681542,John,Garcia,6ca004d510bedadff53d53f4080ac2e0,2012-01-08T00:00:00.000+05:30,03:11:30,1325992290,shopping_pos,Pagac LLC,803,43.952855,-124.432594,1
3593533875650654,Cindy,Ray,deb67bf385a1a69d925820515659600b,2012-01-08T00:00:00.000+05:30,03:25:57,1325993157,shopping_net,"Ruecker, Beer and Collier",100,43.008526,-88.941065,1
3593533875650654,Cindy,Ray,08ad8c1a146e1466759f892693a9926f,2012-01-08T00:00:00.000+05:30,03:27:21,1325993241,gas_transport,"Tillman, Dickinson and Labadie",122,42.26136,-88.752296,1
3593533875650654,Cindy,Ray,ff71daa33889a9551982f805a7302a07,2012-01-08T00:00:00.000+05:30,03:32:48,1325993568,gas_transport,"Kutch, Hermiston and Farrell",100,40.582639,-88.764959,1
5264302655249852,Daniel,Perry,738fe82839d73f5a0a9a5896eea9e568,2012-01-08T00:00:00.000+05:30,03:40:06,1325994006,misc_net,"Kerluke, Kertzmann and Wiza",811,33.092091,-89.183598,1
3593533875650654,Cindy,Ray,310fae9c425295c88c04d199efa5bff5,2012-01-08T00:00:00.000+05:30,03:50:20,1325994620,grocery_net,Cummings Group,122,42.679456,-87.628506,1
676165681542,John,Garcia,156d2b8a108d36c6c01b97f0a071b0bf,2012-01-08T00:00:00.000+05:30,15:45:07,1326037507,home,"Durgan, Gislason and Spencer",307,44.411264,-122.67079,1
5264302655249852,Daniel,Perry,f7793b89c4ab573d7d7dae2e3c2a8914,2012-01-08T00:00:00.000+05:30,16:58:08,1326041888,shopping_net,Hills-Witting,1076,33.52778,-86.763922,1
5264302655249852,Daniel,Perry,893bb27282bbfcb00b684c3ab8c09980,2012-01-08T00:00:00.000+05:30,22:20:11,1326061211,shopping_net,"Romaguera, Cruickshank and Greenholt",823,32.246428,-89.63246,1
676165681542,John,Garcia,a954683f904831c27108439342ca73df,2012-01-08T00:00:00.000+05:30,22:25:10,1326061510,grocery_pos,Koepp-Parker,606,45.357317,-122.056837,1
5264302655249852,Daniel,Perry,88c6ccef331adcec31e5fdbd1b359554,2012-01-08T00:00:00.000+05:30,22:26:02,1326061562,grocery_pos,"Goldner, Kovacek and Abbott",565,33.298444,-87.994071,1
3593533875650654,Cindy,Ray,02e7238cdb554c0f485201e1200dc892,2012-01-08T00:00:00.000+05:30,22:38:46,1326062326,grocery_pos,Wolf Inc,125,41.330283,-88.307038,1
3593533875650654,Cindy,Ray,7da420510c4a9bc69d8d352aa73e79e4,2012-01-08T00:00:00.000+05:30,22:42:17,1326062537,kids_pets,Cartwright PLC,116,41.395931,-88.076699,1
5264302655249852,Daniel,Perry,52fb09e97eb7999698e09a21cfb2836b,2012-01-08T00:00:00.000+05:30,22:58:16,1326063496,gas_transport,Marks Inc,604,32.121949,-87.939568,1
676165681542,John,Garcia,ba7cc1051372d06909e297d463e3d9a3,2012-01-08T00:00:00.000+05:30,23:12:03,1326064323,gas_transport,Parisian and Sons,850,44.537559,-124.437646,1
5264302655249852,Daniel,Perry,9c0edc6c484dad676e0f7b7f4100b25b,2012-01-08T00:00:00.000+05:30,23:18:48,1326064728,shopping_net,"Schmeler, Bashirian and Price",724,32.997767,-89.079471,1
676165681542,John,Garcia,79867ec745099caa08ac2f20f9ba7ab8,2012-01-08T00:00:00.000+05:30,23:41:46,1326066106,shopping_net,Mohr-Bayer,824,43.233203,-121.860898,1
676165681542,John,Garcia,0e793b116f786fad625dee72fd68d635,2012-01-08T00:00:00.000+05:30,23:43:37,1326066217,shopping_net,Jast Ltd,650,46.441407,-122.39402,1
4037295225657274,Antonio,Garcia,3b4218daf081abc00a9d396d77de3918,2012-01-09T00:00:00.000+05:30,00:11:40,1326067900,gas_transport,Ledner-Pfannerstill,396,41.503898,-102.721881,1
4037295225657274,Antonio,Garcia,e6b835f863aaa5a57aa18e816459179b,2012-01-09T00:00:00.000+05:30,00:11:58,1326067918,shopping_pos,"Nitzsche, Kessler and Wolff",709,39.460665,-101.729077,1
4037295225657274,Antonio,Garcia,7c6464c56a9b6a9253a55d148b4dfd8f,2012-01-09T00:00:00.000+05:30,00:19:37,1326068377,gas_transport,Friesen-DAmore,775,38.792528,-103.957847,1
5264302655249852,Daniel,Perry,6a9b231e99dff82778e90d1af0a67acc,2012-01-09T00:00:00.000+05:30,02:27:58,1326076078,personal_care,"Medhurst, Cartwright and Ebert",322,32.915584,-88.191822,1
4037295225657274,Antonio,Garcia,91480349ec08f6ab7e6056272938624f,2012-01-09T00:00:00.000+05:30,02:54:10,1326077650,gas_transport,"Kutch, Hermiston and Farrell",820,38.997047,-103.878499,1
4037295225657274,Antonio,Garcia,bb3929e910bba887f4c07369ea796bd2,2012-01-09T00:00:00.000+05:30,10:34:43,1326105283,shopping_pos,Pouros-Haag,589,41.030698,-101.593814,1
5264302655249852,Daniel,Perry,7a050384939c55bafa441cfb1b0b0656,2012-01-09T00:00:00.000+05:30,22:10:12,1326147012,shopping_net,"Towne, Greenholt and Koepp",1002,33.344,-88.038444,1
5264302655249852,Daniel,Perry,a166a1045fe194cd40f40d58f8fae664,2012-01-09T00:00:00.000+05:30,22:21:49,1326147709,gas_transport,Kling Inc,442,35.133489,-89.498169,1
4037295225657274,Antonio,Garcia,2384c39022985f444301c35970197fe8,2012-01-09T00:00:00.000+05:30,22:29:43,1326148183,grocery_pos,"Casper, Hand and Zulauf",402,40.939939,-101.142933,1
4037295225657274,Antonio,Garcia,6053115d08adebd0b7e190c1e0686168,2012-01-09T00:00:00.000+05:30,22:45:28,1326149128,shopping_net,Fisher-Schowalter,722,40.809108,-101.022173,1
4037295225657274,Antonio,Garcia,1edd3d0866e4d1d56ce4aa80bdf5113b,2012-01-09T00:00:00.000+05:30,23:31:17,1326151877,kids_pets,Hilpert-Conroy,707,40.764312,-101.646305,1
4037295225657274,Antonio,Garcia,9c80056e1f01bcd0ed500f15ef2561e6,2012-01-10T00:00:00.000+05:30,01:04:41,1326157481,gas_transport,Bins-Rice,620,40.687277,-103.543243,1
4037295225657274,Antonio,Garcia,d9cc3049fc2bd47a4f25e524b4ec18c1,2012-01-10T00:00:00.000+05:30,03:58:07,1326167887,shopping_net,"Labadie, Treutel and Bode",883,41.016989,-103.561977,1
4037295225657274,Antonio,Garcia,c41a9d559a03ab62f65e9dd4ddd6b53e,2012-01-10T00:00:00.000+05:30,22:55:39,1326236139,shopping_net,Volkman-Predovic,1037,39.638586,-103.018217,1
4037295225657274,Antonio,Garcia,53132175db2558a1c2adaf7325ae02e5,2012-01-10T00:00:00.000+05:30,23:50:32,1326239432,grocery_pos,Rau and Sons,476,40.499494,-101.004377,1
4550801576257,Sarah,Parsons,6da0179f0f2720a91b7ed1fc0b155fbf,2012-01-12T00:00:00.000+05:30,00:18:44,1326327524,shopping_pos,"Bins, Balistreri and Beatty",1559,42.054439,-79.519526,1
374115112731710,Joseph,Steele,fa9804081c7f51292f1f4ca2bea260f1,2012-01-12T00:00:00.000+05:30,03:23:42,1326338622,shopping_pos,Beier-Hyatt,388,39.306793,-116.691959,1
374115112731710,Joseph,Steele,347437ee2b595dc0cfb6b930f7be8950,2012-01-12T00:00:00.000+05:30,05:59:36,1326347976,misc_net,"Jones, Sawayn and Romaguera",416,39.429063,-116.863152,1
374115112731710,Joseph,Steele,280320b0d0917f1c112694b05f93800a,2012-01-12T00:00:00.000+05:30,07:33:27,1326353607,misc_net,"Jones, Sawayn and Romaguera",415,39.384658,-116.604251,1
4550801576257,Sarah,Parsons,3e23f5382474154bfc5f30f3d697b97d,2012-01-12T00:00:00.000+05:30,08:20:31,1326356431,misc_net,"Jones, Sawayn and Romaguera",1579,41.159144,-79.360424,1
374115112731710,Joseph,Steele,25973b4f25f073718fb12af2ad0cce6c,2012-01-12T00:00:00.000+05:30,12:39:17,1326371957,shopping_net,Volkman-Predovic,495,36.974716,-116.893184,1
4550801576257,Sarah,Parsons,06f0cb918f4c5aad3910bd334d0af545,2012-01-12T00:00:00.000+05:30,22:12:15,1326406335,grocery_pos,"Mosciski, Gislason and Mertz",2075,40.584024,-78.798615,1
4550801576257,Sarah,Parsons,c82503b474c3e98720603b5f7193f095,2012-01-12T00:00:00.000+05:30,22:56:55,1326409015,shopping_pos,Conroy Ltd,1013,41.693534,-79.155403,1
374115112731710,Joseph,Steele,5c5fbca486dba17efc0c683af26d3cc1,2012-01-12T00:00:00.000+05:30,23:57:20,1326412640,grocery_pos,Barton Inc,253,37.504149,-117.693612,1
4006862159277,Cheryl,Rice,dbd4c0226cd87b9316dd67b34773c40d,2012-01-13T00:00:00.000+05:30,00:16:03,1326413763,shopping_pos,Pouros-Haag,1592,41.376663,-74.689106,1
4550801576257,Sarah,Parsons,ccdae0b7b4055d5237c2111bc84fecae,2012-01-13T00:00:00.000+05:30,01:55:00,1326419700,shopping_pos,"Bins, Balistreri and Beatty",1271,40.582751,-80.072389,1
4550801576257,Sarah,Parsons,2a6ef1746a78a387750a8a0c9ef85cfa,2012-01-13T00:00:00.000+05:30,02:20:52,1326421252,misc_net,Volkman Ltd,536,40.634183,-78.966739,1
4006862159277,Cheryl,Rice,a9d33b109a0a1ab69323a07f57736341,2012-01-13T00:00:00.000+05:30,02:53:29,1326423209,grocery_net,"Swaniawski, Bahringer and Ledner",1361,40.5642,-74.917322,1
4550801576257,Sarah,Parsons,61e1e885d9a88fedb3897ca477e0966c,2012-01-13T00:00:00.000+05:30,02:57:29,1326423449,misc_net,Huel Ltd,1208,42.667236,-81.135476,1
3561758568398109,Krystal,Chan,3a729eecc45b719382c710db53d7bcf1,2012-01-13T00:00:00.000+05:30,03:02:22,1326423742,misc_net,"Tillman, Fritsch and Schmitt",1136,39.461469,-74.107328,1
4006862159277,Cheryl,Rice,5eb204301668e5af7b9da01c1c26dc22,2012-01-13T00:00:00.000+05:30,03:06:16,1326423976,misc_net,Durgan-Auer,1016,41.692382,-75.063868,1
374115112731710,Joseph,Steele,e1d601c39e317a22edfdaaa2c47755fc,2012-01-13T00:00:00.000+05:30,03:17:57,1326424677,shopping_pos,Hickle Group,537,38.161676,-117.851895,1
4006862159277,Cheryl,Rice,91848b548056ec45c2ae0042283d7c16,2012-01-13T00:00:00.000+05:30,11:08:13,1326452893,shopping_pos,"Schuppe, Nolan and Hoeger",900,41.24012,-72.51549,1
374115112731710,Joseph,Steele,1e79a9ef1f61b53fb26832f7a3fe78cc,2012-01-13T00:00:00.000+05:30,12:18:13,1326457093,shopping_net,Ankunding LLC,210,38.19067,-117.888049,1
3561758568398109,Krystal,Chan,3544a2a9547ddecd404d62980180c956,2012-01-13T00:00:00.000+05:30,12:35:27,1326458127,shopping_net,Gerlach Inc,1754,42.096882,-72.772853,1
4550801576257,Sarah,Parsons,8a70664074d558e4fba2fd69b4247bc7,2012-01-13T00:00:00.000+05:30,15:16:50,1326467810,shopping_net,"Reichert, Huels and Hoppe",756,42.592491,-80.382544,1
4550801576257,Sarah,Parsons,867d71d08e8889bd10b5c58170ecbac6,2012-01-13T00:00:00.000+05:30,20:03:22,1326485002,shopping_net,"Reichert, Rowe and Mraz",2726,40.81648,-78.825872,1
374115112731710,Joseph,Steele,197ac897e4e54658277ad35701189c41,2012-01-13T00:00:00.000+05:30,20:52:14,1326487934,grocery_pos,Doyle Ltd,438,38.99282,-117.829769,1
3561758568398109,Krystal,Chan,da1645e8f234e53652b257da771c53a9,2012-01-13T00:00:00.000+05:30,22:33:02,1326493982,entertainment,Beier LLC,937,40.538646,-75.761806,1
3561758568398109,Krystal,Chan,900e2b8c120cb4710af3b628b415fa22,2012-01-13T00:00:00.000+05:30,23:08:29,1326496109,misc_pos,"Wintheiser, Dietrich and Schimmel",2186,41.848218,-74.066387,1
374115112731710,Joseph,Steele,439c005f4982a8a338a2f26ee0e5e095,2012-01-13T00:00:00.000+05:30,23:16:45,1326496605,shopping_net,Rempel Inc,217,37.177242,-117.874436,1
4550801576257,Sarah,Parsons,47c223e9381d819d6594dae37f10c04c,2012-01-13T00:00:00.000+05:30,23:25:24,1326497124,shopping_net,Predovic Inc,1562,43.796429,-81.629493,1
3561758568398109,Krystal,Chan,30588ce41d4b8531166938c0b468a981,2012-01-13T00:00:00.000+05:30,23:32:31,1326497551,travel,Johnston-Casper,260,39.839987,-75.596781,1
4550801576257,Sarah,Parsons,3c34fe52b8a4c2d71937b032e53782dd,2012-01-13T00:00:00.000+05:30,23:39:29,1326497969,shopping_net,"Gottlieb, Considine and Schultz",1080,42.731622,-79.408779,1
4006862159277,Cheryl,Rice,3f1d2fc41621e30c89343bcb2fb75ee2,2012-01-13T00:00:00.000+05:30,23:57:27,1326499047,travel,Veum-Koelpin,1850,41.135476,-75.077786,1
4361355512072,Matthew,Nelson,19abf6fcab621a87b1fd2827301ba326,2012-01-14T00:00:00.000+05:30,00:14:21,1326500061,grocery_net,"Harris, Gusikowski and Heaney",209,47.248845,-95.403814,1
342823590771707,Stephen,Miller,57b2362ff1db2f205c2863dd91a55244,2012-01-14T00:00:00.000+05:30,00:18:52,1326500332,shopping_net,Boyer PLC,833,33.412996,-80.711435,1
370763211656868,Jeffrey,Garza,0fc55584820e5ca170c53eed647962b8,2012-01-14T00:00:00.000+05:30,00:19:50,1326500390,shopping_net,Cormier LLC,309,43.023201,-87.462749,1
4354778868658084,Melissa,Baldwin,e0e3dea4758eec74e4a4704ed4e7ad9f,2012-01-14T00:00:00.000+05:30,00:43:24,1326501804,shopping_net,"Romaguera, Cruickshank and Greenholt",2273,41.704084,-87.011054,1
4354778868658084,Melissa,Baldwin,6dd3f717b468b36dc60f9411d74127ae,2012-01-14T00:00:00.000+05:30,01:26:41,1326504401,health_fitness,"Klocko, Runolfsdottir and Breitenberg",1225,42.691621,-87.607429,1
342823590771707,Stephen,Miller,000bda3895d34d2ccd33566d1933e582,2012-01-14T00:00:00.000+05:30,01:58:24,1326506304,shopping_net,"Kuhic, Bins and Pfeffer",465,36.030527,-80.098371,1
4354778868658084,Melissa,Baldwin,4523ac53db52e1d3442d067dc52d2383,2012-01-14T00:00:00.000+05:30,02:01:11,1326506471,shopping_pos,Stoltenberg-Beatty,2614,42.187524,-87.537811,1
6011047554247853,Carl,Lynch,98df210e5cdc830a03f983b04c630326,2012-01-14T00:00:00.000+05:30,02:17:29,1326507449,misc_net,"Rohan, White and Aufderhar",796,29.698481,-80.756132,1
4006862159277,Cheryl,Rice,d0185ef97eec7e28aa5cc1ffa7e82f84,2012-01-14T00:00:00.000+05:30,02:33:17,1326508397,shopping_pos,Pouros-Haag,1228,42.119292,-75.670702,1
4361355512072,Matthew,Nelson,6ac808d1f664deedba21842f32d1806b,2012-01-14T00:00:00.000+05:30,02:44:01,1326509041,entertainment,Johns Inc,179,47.226719,-95.508827,1
4354778868658084,Melissa,Baldwin,0a42e4ade6b868f64800c9dba438e40d,2012-01-14T00:00:00.000+05:30,02:59:24,1326509964,shopping_pos,"Weimann, Kuhic and Beahan",1524,43.176852,-88.728673,1
4354778868658084,Melissa,Baldwin,c0eda91f416d5677b8cda4e94598f116,2012-01-14T00:00:00.000+05:30,03:17:54,1326511074,shopping_pos,"Baumbach, Strosin and Nicolas",462,40.922052,-87.620987,1
4354778868658084,Melissa,Baldwin,6873098e20791059ce1dcb0e479ed9ae,2012-01-14T00:00:00.000+05:30,03:26:12,1326511572,shopping_pos,Beier-Hyatt,2431,40.412604,-89.022182,1
370763211656868,Jeffrey,Garza,43013ddf6fe1b0b655725a179cc36518,2012-01-14T00:00:00.000+05:30,03:26:43,1326511603,gas_transport,"Kutch, Hermiston and Farrell",1027,40.987769,-88.655248,1
4361355512072,Matthew,Nelson,27bdd78b0397a7a24e7b2a80bf548abd,2012-01-14T00:00:00.000+05:30,12:42:18,1326544938,grocery_pos,Kiehn-Emmerich,252,47.643754,-96.303157,1
370763211656868,Jeffrey,Garza,819e311a243167445a9e28a7d7aa4f0d,2012-01-14T00:00:00.000+05:30,15:42:23,1326555743,shopping_net,Predovic Inc,1083,41.96222,-88.558715,1
370763211656868,Jeffrey,Garza,aa9e529c6c10dd5af0a6aade9f505bc9,2012-01-14T00:00:00.000+05:30,17:47:58,1326563278,grocery_pos,"Osinski, Ledner and Leuschke",401,42.6531,-86.308714,1
6011047554247853,Carl,Lynch,dcec7463d9961c9ae4277f7e18c27f79,2012-01-14T00:00:00.000+05:30,22:12:55,1326579175,travel,Block-Hauck,215,28.20859,-81.626891,1
4006862159277,Cheryl,Rice,538f531e1954a4c7f18147d59e52d01f,2012-01-14T00:00:00.000+05:30,22:13:33,1326579213,gas_transport,Emard Inc,1071,42.059701,-72.377188,1
4006862159277,Cheryl,Rice,350be791ca660e561a57a25742f2ece1,2012-01-14T00:00:00.000+05:30,22:15:33,1326579333,grocery_pos,Doyle Ltd,1941,41.09517,-72.997763,1
342823590771707,Stephen,Miller,9fba41cfa0d16fff7ec94ff3673698d9,2012-01-14T00:00:00.000+05:30,22:17:12,1326579432,shopping_net,"Altenwerth, Cartwright and Koss",970,34.173392,-79.403205,1
4354778868658084,Melissa,Baldwin,6862e2911445669e19e210fc950b5db9,2012-01-14T00:00:00.000+05:30,22:18:48,1326579528,home,Botsford PLC,597,41.093759,-89.134996,1
4006862159277,Cheryl,Rice,11ebbb694da0d751a8b914b89081f036,2012-01-14T00:00:00.000+05:30,22:22:55,1326579775,entertainment,"Effertz, Welch and Schowalter",1689,39.824271,-73.508018,1
342823590771707,Stephen,Miller,95f0da3bb120569b0238f2e5e2dcdb25,2012-01-14T00:00:00.000+05:30,22:41:52,1326580912,grocery_pos,"Schultz, Simonis and Little",381,35.458677,-80.691613,1
3561758568398109,Krystal,Chan,7b2f4678c6e54798e83dc971d96ada4e,2012-01-14T00:00:00.000+05:30,22:45:48,1326581148,grocery_pos,Lockman Ltd,1028,40.812266,-73.274406,1
4361355512072,Matthew,Nelson,3bab13c65a4451ace352e1f2632e3f79,2012-01-14T00:00:00.000+05:30,22:52:50,1326581570,misc_pos,Flatley Group,443,46.881873,-95.49695,1
4006862159277,Cheryl,Rice,a59430c3e52e4fd7a006d0d8e41cb871,2012-01-14T00:00:00.000+05:30,22:56:49,1326581809,shopping_net,Cormier LLC,511,40.068158,-75.486141,1
4361355512072,Matthew,Nelson,0dbcf90e150dd550e106bd8880094bc3,2012-01-14T00:00:00.000+05:30,23:08:26,1326582506,misc_pos,Haley Group,179,47.026432,-97.507496,1
4006862159277,Cheryl,Rice,c4d141bdb13429cf8b84d8ecb5e4bff2,2012-01-14T00:00:00.000+05:30,23:18:43,1326583123,shopping_net,"Schmeler, Bashirian and Price",1204,42.028233,-73.609731,1
3561758568398109,Krystal,Chan,80c6360a232feccfb48b3701ebc1cfd9,2012-01-14T00:00:00.000+05:30,23:25:17,1326583517,grocery_pos,Kunze Inc,1742,41.476467,-75.642886,1
4361355512072,Matthew,Nelson,32c1353e2449e673c5cb5ccb090ea067,2012-01-14T00:00:00.000+05:30,23:45:23,1326584723,grocery_pos,Cole PLC,363,48.349343,-95.626598,1
3561758568398109,Krystal,Chan,5ca15dabaa5339f1e910434a5ff77960,2012-01-14T00:00:00.000+05:30,23:52:56,1326585176,misc_pos,Buckridge PLC,1943,39.824172,-75.654102,1
4354778868658084,Melissa,Baldwin,7e5053539488ec77b44daa55153a0172,2012-01-14T00:00:00.000+05:30,23:55:57,1326585357,kids_pets,Ullrich Ltd,2254,42.568639,-86.047703,1
3561758568398109,Krystal,Chan,1eee427c273e4a687ae2baa3c9d2c10c,2012-01-14T00:00:00.000+05:30,23:56:18,1326585378,shopping_net,"Mosciski, Ziemann and Farrell",1256,40.87127,-75.437462,1
6011047554247853,Carl,Lynch,a0487845d99610c932c090b9dd959269,2012-01-15T00:00:00.000+05:30,00:06:18,1326585978,misc_net,Jaskolski-Vandervort,223,29.842211,-82.85357,1
342823590771707,Stephen,Miller,40f3069d2294ec39991477427a212121,2012-01-15T00:00:00.000+05:30,00:45:25,1326588325,misc_net,Block-Parisian,301,34.775915,-81.0725,1
4354778868658084,Melissa,Baldwin,f607b86898baf0ec96c96edb3e56eb2b,2012-01-15T00:00:00.000+05:30,00:49:41,1326588581,entertainment,Abshire PLC,476,43.217109,-86.196305,1
180094108369013,John,Holland,85846b1a8e7478a55a6292b53b3781ea,2012-01-15T00:00:00.000+05:30,00:50:59,1326588659,shopping_pos,Jewess LLC,313,38.404612,-120.616913,1
370763211656868,Jeffrey,Garza,243740c7ee784ed7df186f781e6f68ae,2012-01-15T00:00:00.000+05:30,00:54:34,1326588874,misc_net,Corwin-Gorczany,729,42.953055,-88.082889,1
342823590771707,Stephen,Miller,7bb2b1d73749539294380574bfa7aec6,2012-01-15T00:00:00.000+05:30,00:56:09,1326588969,misc_net,"Ferry, Lynch and Kautzer",723,36.298946,-80.233312,1
4361355512072,Matthew,Nelson,e3782f94672f306151cf855c04bd32ce,2012-01-15T00:00:00.000+05:30,01:00:04,1326589204,shopping_pos,"Swaniawski, Lowe and Robel",151,48.25267,-96.721116,1
4354778868658084,Melissa,Baldwin,410cb685142ef678a3b24cd196ab5811,2012-01-15T00:00:00.000+05:30,01:09:52,1326589792,personal_care,Zulauf LLC,1555,41.890359,-87.583351,1
180094108369013,John,Holland,ef17ef63c53bf6cd5653e5755f5bd87c,2012-01-15T00:00:00.000+05:30,01:11:52,1326589912,shopping_pos,Hudson-Grady,178,39.045409,-118.622155,1
4354778868658084,Melissa,Baldwin,aa1556fa2e9d9c3eabf965ae8a3c622d,2012-01-15T00:00:00.000+05:30,01:18:30,1326590310,kids_pets,"Romaguera, Wehner and Tromp",711,43.118251,-86.355753,1
180094108369013,John,Holland,622197927d7913cb08d8af2fabbb7143,2012-01-15T00:00:00.000+05:30,01:41:35,1326591695,misc_net,"Parisian, Schiller and Altenwerth",501,39.418137,-119.206413,1
370763211656868,Jeffrey,Garza,a1d19b7983e595e4e868175cea7f4b74,2012-01-15T00:00:00.000+05:30,01:48:15,1326592095,misc_net,Koelpin and Sons,805,42.773137,-87.558912,1
4361355512072,Matthew,Nelson,dabb535cc41f09c3327e4cfa64c63c3a,2012-01-15T00:00:00.000+05:30,02:35:50,1326594950,shopping_pos,Denesik and Sons,209,47.275758,-95.094885,1
342823590771707,Stephen,Miller,4a8bad9bcc97b00574c423bdb74885c8,2012-01-15T00:00:00.000+05:30,03:26:55,1326598015,misc_net,"Rippin, Kub and Mann",460,34.168022,-79.417941,1
4354778868658084,Melissa,Baldwin,2ef06cefaf0b875dd65efd53e7ed253d,2012-01-15T00:00:00.000+05:30,04:54:42,1326603282,personal_care,Osinski Inc,2232,43.14169,-87.49521,1
4361355512072,Matthew,Nelson,36e76b446f833d5a5a29f2dc0d280a80,2012-01-15T00:00:00.000+05:30,07:51:07,1326613867,misc_net,"Herman, Treutel and Dickens",445,47.713946,-95.248639,1
4354778868658084,Melissa,Baldwin,399d592573cc63a0ef976b01caab956a,2012-01-15T00:00:00.000+05:30,08:29:49,1326616189,shopping_pos,Morissette PLC,855,43.206103,-87.93986,1
180094108369013,John,Holland,ab183677a2478794e7c77693bfd9bd35,2012-01-15T00:00:00.000+05:30,13:35:10,1326634510,grocery_pos,"Moen, Reinger and Murphy",256,37.738818,-120.674768,1
6011047554247853,Carl,Lynch,46c50fbf4eab76fdda3d4f9753de8ca8,2012-01-15T00:00:00.000+05:30,16:19:41,1326644381,entertainment,"Effertz, Welch and Schowalter",377,29.828964,-79.753817,1
4354778868658084,Melissa,Baldwin,b1f37ecb5902c19d74bb5eeac7bd484f,2012-01-15T00:00:00.000+05:30,22:24:26,1326666266,grocery_pos,Bailey-Morar,508,41.23094,-86.102724,1
4361355512072,Matthew,Nelson,90ed8bbc5dc435bf4622802901ec00ce,2012-01-15T00:00:00.000+05:30,22:37:30,1326667050,grocery_pos,Goodwin-Nitzsche,409,47.346096,-96.628151,1
180094108369013,John,Holland,dd7db538596b83ab4bbcce2dc3b9add9,2012-01-15T00:00:00.000+05:30,22:39:53,1326667193,shopping_net,Gerlach Inc,172,39.978635,-119.551389,1
6011047554247853,Carl,Lynch,d8880f918d8716ee677e5506aff84d30,2012-01-15T00:00:00.000+05:30,22:41:02,1326667262,gas_transport,Kutch LLC,870,29.685393,-82.015637,1
4361355512072,Matthew,Nelson,4c0495e888231a4cbbb69f119d02ac0f,2012-01-15T00:00:00.000+05:30,22:48:24,1326667704,gas_transport,"Kutch, Hermiston and Farrell",180,47.36831,-98.079463,1
4361355512072,Matthew,Nelson,646750a943bc9059c99c9defdc5b7fe9,2012-01-15T00:00:00.000+05:30,22:55:37,1326668137,grocery_pos,"Casper, Hand and Zulauf",335,48.709398,-95.780664,1
6011047554247853,Carl,Lynch,c881eb2dab6a934dfd8bc3de3e0bdb09,2012-01-15T00:00:00.000+05:30,23:01:13,1326668473,shopping_net,Predovic Inc,263,28.424194,-80.668969,1
180094108369013,John,Holland,766bd7beacaca70f45739f355c6df4ca,2012-01-15T00:00:00.000+05:30,23:02:10,1326668530,kids_pets,Barton LLC,335,39.92935,-121.017479,1
6011047554247853,Carl,Lynch,84fdcaf6be2459d52b1625b7ff3856ab,2012-01-15T00:00:00.000+05:30,23:12:39,1326669159,shopping_net,"Baumbach, Feeney and Morar",1069,27.37086,-81.709054,1
180094108369013,John,Holland,8960635d6b1c9fb8e713567667ad8b96,2012-01-15T00:00:00.000+05:30,23:25:21,1326669921,gas_transport,"Tillman, Dickinson and Labadie",370,39.854383,-120.779135,1
370763211656868,Jeffrey,Garza,3f5ab8258fd25706e839c436cd672b82,2012-01-15T00:00:00.000+05:30,23:35:32,1326670532,shopping_net,"Altenwerth, Cartwright and Koss",963,43.588658,-87.741591,1
4361355512072,Matthew,Nelson,a5e5c917dddf444b1b06616d31b4328a,2012-01-15T00:00:00.000+05:30,23:40:04,1326670804,shopping_net,Rempel Inc,176,46.539019,-95.644094,1
342823590771707,Stephen,Miller,3480dde2a523748b2136be8ad2009d05,2012-01-15T00:00:00.000+05:30,23:44:44,1326671084,home,"Durgan, Gislason and Spencer",419,35.813044,-80.519253,1
4361355512072,Matthew,Nelson,143267da836720ac147f13ae2371a84c,2012-01-15T00:00:00.000+05:30,23:47:41,1326671261,shopping_net,Gerlach Inc,174,48.572907,-97.184825,1
6011047554247853,Carl,Lynch,23b860ae94dfe1329b1a63ef9ba67dce,2012-01-15T00:00:00.000+05:30,23:51:56,1326671516,shopping_net,"Reichert, Rowe and Mraz",1049,26.835273,-81.729639,1
180094108369013,John,Holland,328ebba815849491ae9b8b98c6f29ca1,2012-01-15T00:00:00.000+05:30,23:54:58,1326671698,grocery_pos,"Mosciski, Gislason and Mertz",248,37.369887,-118.521343,1
676331132040,Jonathan,Flores,5fbc6277b99b69d95c1771ae42d14129,2012-01-16T00:00:00.000+05:30,00:49:48,1326674988,personal_care,Morissette-Schaefer,712,43.969822,-71.001628,1
341559343212109,Nathaniel,Wiggins,f8d6f337d4af4101fd4785efd98bfe64,2012-01-16T00:00:00.000+05:30,13:11:50,1326719510,shopping_net,Price Inc,791,40.579727,-86.891201,1
676331132040,Jonathan,Flores,79c33cae40fed515fdd62e33d332dab4,2012-01-16T00:00:00.000+05:30,15:32:29,1326727949,shopping_net,"Little, Gutmann and Lynch",363,43.763105,-71.926927,1
180094108369013,John,Holland,2b1cd2e0eb61f6ccd37a8dc6b6385d93,2012-01-16T00:00:00.000+05:30,18:12:29,1326737549,shopping_pos,Hickle Group,538,38.39151,-120.598338,1
341559343212109,Nathaniel,Wiggins,cfd38acfb09d98d90bfe9c5e3d0241c0,2012-01-16T00:00:00.000+05:30,22:33:30,1326753210,gas_transport,Emard Inc,1165,40.219159,-87.268591,1
341559343212109,Nathaniel,Wiggins,f19d8b37a9740a930a13ed1d61113c92,2012-01-16T00:00:00.000+05:30,23:25:40,1326756340,grocery_pos,Heidenreich PLC,285,38.374508,-88.958332,1
676331132040,Jonathan,Flores,57a3dedc6040df9e9cd6775e8aab9867,2012-01-16T00:00:00.000+05:30,23:32:31,1326756751,shopping_net,Stamm-Witting,744,44.597741,-71.879616,1
5590294502817012,Kathleen,Maldonado,a2172b3905d5d1adfaeeb5a3ad477fe3,2012-01-17T00:00:00.000+05:30,00:08:32,1326758912,shopping_pos,"Goyette, Howell and Collier",2520,30.015002,-97.77278,1
676331132040,Jonathan,Flores,e1f38390ff45ad6713740d9a6d46c6e8,2012-01-17T00:00:00.000+05:30,00:43:17,1326760997,misc_net,Brown PLC,534,45.597687,-74.34627,1
676331132040,Jonathan,Flores,8b98dbefe2293d939660263d7d591ebd,2012-01-17T00:00:00.000+05:30,00:50:50,1326761450,misc_net,Huel Ltd,1039,44.715521,-73.571486,1
341559343212109,Nathaniel,Wiggins,3721b6b4c3a90c1810ca688f2168accd,2012-01-17T00:00:00.000+05:30,00:59:10,1326761950,grocery_net,Spinka-Welch,1189,40.834837,-89.120954,1
5590294502817012,Kathleen,Maldonado,a09de1bc2fc6298eaec25cac77b75ff5,2012-01-17T00:00:00.000+05:30,02:42:33,1326768153,shopping_pos,Pagac LLC,2256,31.794681,-98.459417,1
5590294502817012,Kathleen,Maldonado,45785a175f08e05c6876e4c64c7b91f1,2012-01-17T00:00:00.000+05:30,02:56:10,1326768970,misc_net,"Hayes, Marquardt and Dibbert",698,29.974083,-96.573985,1
676331132040,Jonathan,Flores,2abdbc808ac76459a1f1bcf6b896de4d,2012-01-17T00:00:00.000+05:30,10:38:21,1326796701,personal_care,Erdman-Ebert,642,44.259465,-72.068871,1
341559343212109,Nathaniel,Wiggins,6d9f2b6c2e1f781de97b1dffbd25c8a8,2012-01-17T00:00:00.000+05:30,22:24:16,1326839056,grocery_pos,Bauch-Raynor,1029,38.521506,-87.676891,1
341559343212109,Nathaniel,Wiggins,972abd0518e61678cb82a04e48c7e9a4,2012-01-17T00:00:00.000+05:30,22:40:42,1326840042,shopping_net,"Labadie, Treutel and Bode",453,38.552937,-88.677281,1
341559343212109,Nathaniel,Wiggins,c11e2d86100c70885df3c313ff5b79f3,2012-01-17T00:00:00.000+05:30,22:41:58,1326840118,shopping_net,"Reichert, Rowe and Mraz",998,38.990974,-87.871855,1
5590294502817012,Kathleen,Maldonado,7993fbea10e277e94f1b49d1a1a3d5e5,2012-01-17T00:00:00.000+05:30,22:47:14,1326840434,grocery_pos,"Mosciski, Gislason and Mertz",2083,30.301267,-98.887237,1
676331132040,Jonathan,Flores,7da17cb23684034f2588bb602f690c35,2012-01-17T00:00:00.000+05:30,22:58:17,1326841097,shopping_net,Cormier LLC,775,44.36155,-72.13811,1
341559343212109,Nathaniel,Wiggins,ff94e13997e34c06cbc4ab9eaecf56af,2012-01-17T00:00:00.000+05:30,23:09:48,1326841788,grocery_pos,Kunze Inc,248,38.021388,-86.344542,1
341559343212109,Nathaniel,Wiggins,f154f3c85a0239b84cb7cf078b2aa7c2,2012-01-17T00:00:00.000+05:30,23:17:40,1326842260,grocery_pos,Bailey-Morar,1376,37.921349,-86.744044,1
341559343212109,Nathaniel,Wiggins,4e8d75754e4e9b6dfca751d09862deeb,2012-01-17T00:00:00.000+05:30,23:36:55,1326843415,shopping_net,Schmidt and Sons,1082,39.810603,-88.442308,1
30157941709315,Maurice,Simon,7b7107576b19db42e60b932638336951,2012-01-18T00:00:00.000+05:30,01:29:01,1326850141,misc_net,Kuhn LLC,511,43.753079,-89.980763,1
30157941709315,Maurice,Simon,bacf1fcb40c0876bf1b7da5eaa6c1237,2012-01-18T00:00:00.000+05:30,01:31:41,1326850301,shopping_pos,Torphy-Goyette,322,43.472714,-92.93226,1
5590294502817012,Kathleen,Maldonado,665a1ab3fbfdbcfa584382b6099e4753,2012-01-18T00:00:00.000+05:30,02:31:15,1326853875,misc_net,Block-Parisian,272,29.977522,-98.05231,1
30157941709315,Maurice,Simon,20d22a8e44174908150671fadbea5a65,2012-01-18T00:00:00.000+05:30,02:39:10,1326854350,misc_net,"Hayes, Marquardt and Dibbert",493,41.951582,-90.640195,1
30157941709315,Maurice,Simon,69b3759d974816858b29f520fb2a6db7,2012-01-18T00:00:00.000+05:30,02:53:29,1326855209,shopping_pos,"Douglas, Schneider and Turner",427,44.478443,-92.11235,1
4368593032190508,Carla,Fleming,7a61cf07fb46c18b9f8e11a87efb54b3,2012-01-18T00:00:00.000+05:30,03:00:25,1326855625,shopping_pos,Conroy Ltd,872,39.871705,-76.629522,1
30157941709315,Maurice,Simon,50f5bff87925cc646c5fbf9b52693a3a,2012-01-18T00:00:00.000+05:30,03:53:45,1326858825,shopping_pos,Turner and Sons,724,43.5051,-92.516908,1
349326734419590,Timothy,Gibson,270388b3076975ffd49ce0252ee02e33,2012-01-18T00:00:00.000+05:30,17:32:28,1326907948,grocery_pos,Padberg-Welch,326,37.273154,-94.900377,1
5590294502817012,Kathleen,Maldonado,062d1a0902f92d374514f2091c72a7d4,2012-01-18T00:00:00.000+05:30,18:04:59,1326909899,grocery_pos,Kiehn-Emmerich,2339,31.725996,-96.827866,1
349326734419590,Timothy,Gibson,f575aa86bb3b9e5fa689f02a9eebe07a,2012-01-18T00:00:00.000+05:30,22:16:20,1326924980,grocery_pos,Padberg-Welch,384,38.638205,-95.192866,1
4368593032190508,Carla,Fleming,90d89537f595dae4deb8e5a69c8794b7,2012-01-18T00:00:00.000+05:30,22:17:21,1326925041,gas_transport,"Kutch, Hermiston and Farrell",885,40.574426,-75.691205,1
349326734419590,Timothy,Gibson,59677da53fa10d9e12a7376b6e3c56b1,2012-01-18T00:00:00.000+05:30,22:25:36,1326925536,gas_transport,"Eichmann, Bogan and Rodriguez",390,35.844834,-95.327903,1
349326734419590,Timothy,Gibson,749d872c45dfd9f405236e5da2b63f94,2012-01-18T00:00:00.000+05:30,22:44:47,1326926687,shopping_net,"Reichert, Huels and Hoppe",320,38.04169,-95.619849,1
349326734419590,Timothy,Gibson,4faafd0bbebf2df5b83d7633f14e304e,2012-01-18T00:00:00.000+05:30,22:54:27,1326927267,kids_pets,Cartwright PLC,205,36.775252,-95.390609,1
4368593032190508,Carla,Fleming,422f0bf3643c21e8896ef11882825580,2012-01-18T00:00:00.000+05:30,22:54:42,1326927282,shopping_net,Goyette Inc,2176,40.690272,-77.151825,1
4368593032190508,Carla,Fleming,f83bfe11dd0a2a0fb7c4f32d6e91ec6c,2012-01-18T00:00:00.000+05:30,23:02:49,1326927769,grocery_pos,OKeefe-Hudson,880,41.46716,-76.511844,1
5590294502817012,Kathleen,Maldonado,7f91255e3d3c71a133ffff784c5b8ba9,2012-01-18T00:00:00.000+05:30,23:36:32,1326929792,shopping_net,Ankunding LLC,1498,29.354327,-98.194946,1
5590294502817012,Kathleen,Maldonado,cd6440b436583c58cbd1a6716bc188d5,2012-01-18T00:00:00.000+05:30,23:40:38,1326930038,gas_transport,Marks Inc,1969,29.689986,-97.760649,1
30157941709315,Maurice,Simon,9bef12e290511dace53b10c35a81dd4c,2012-01-18T00:00:00.000+05:30,23:54:39,1326930879,grocery_pos,Cartwright-Harris,239,43.872065,-90.424929,1
349326734419590,Timothy,Gibson,17f621f3699d102e382489ade97d8f9c,2012-01-18T00:00:00.000+05:30,23:56:46,1326931006,shopping_net,Gerlach Inc,188,38.446478,-95.040401,1
4092259246729,Krystal,Harper,d3ffe795bdeb70437dad46175436a302,2012-01-19T00:00:00.000+05:30,01:19:55,1326935995,grocery_net,Kling-Grant,268,40.821338,-91.866019,1
349326734419590,Timothy,Gibson,68dc53b07eca7ada6d0221fe29c26361,2012-01-19T00:00:00.000+05:30,04:59:21,1326949161,entertainment,Nienow PLC,430,35.92707,-96.188453,1
30157941709315,Maurice,Simon,8d783ea1b8250a888c4564ee5869cf1f,2012-01-19T00:00:00.000+05:30,08:45:30,1326962730,shopping_net,Fisher Inc,317,44.878113,-90.108834,1
349326734419590,Timothy,Gibson,f0c55c8a53638cefc5a59217349f994a,2012-01-19T00:00:00.000+05:30,13:08:21,1326978501,grocery_pos,Wolf Inc,288,36.479364,-93.861935,1
4368593032190508,Carla,Fleming,18d1a382185cd59e685a984cfbf54cd3,2012-01-19T00:00:00.000+05:30,15:39:47,1326987587,shopping_net,Predovic Inc,2103,39.639368,-75.405335,1
30157941709315,Maurice,Simon,6a53efd8e0517c1bf31fd43ee69407a4,2012-01-19T00:00:00.000+05:30,21:42:10,1327009330,grocery_pos,"Heller, Gutmann and Zieme",314,43.129181,-91.328853,1
4368593032190508,Carla,Fleming,b2dfb648a553dcafbeee213f6a35af1e,2012-01-19T00:00:00.000+05:30,22:04:23,1327010663,misc_pos,Haley Group,543,39.183995,-75.803644,1
30157941709315,Maurice,Simon,51d685ef70c42d636ce0a508c1580d43,2012-01-19T00:00:00.000+05:30,22:10:32,1327011032,shopping_net,"Reichert, Shanahan and Hayes",1238,45.130041,-91.859395,1
4092259246729,Krystal,Harper,2d1b7780c4f575020c9e8e2ddf377680,2012-01-19T00:00:00.000+05:30,22:30:03,1327012203,shopping_net,Goyette Inc,469,41.6169,-91.778,1
4092259246729,Krystal,Harper,4848ad14d88da59e30b2bb14510a97e3,2012-01-19T00:00:00.000+05:30,22:45:20,1327013120,grocery_pos,Kiehn Inc,845,40.277565,-89.999122,1
4368593032190508,Carla,Fleming,f1ebae131a0ebed1da0903e4429107b0,2012-01-19T00:00:00.000+05:30,22:50:00,1327013400,grocery_pos,DuBuque LLC,2587,40.284148,-75.992406,1
4368593032190508,Carla,Fleming,460dd015885a5d93a54365d19185932c,2012-01-19T00:00:00.000+05:30,23:29:23,1327015763,shopping_net,Bashirian Group,800,40.51074,-77.17944,1
4368593032190508,Carla,Fleming,68de8fcc87384415f7ab60af905c386e,2012-01-19T00:00:00.000+05:30,23:36:48,1327016208,shopping_pos,Macejkovic-Lesch,2723,41.335066,-75.621007,1
349326734419590,Timothy,Gibson,ee24861eca63d527aef229ef7359d0bc,2012-01-19T00:00:00.000+05:30,23:44:58,1327016698,shopping_net,"Reichert, Huels and Hoppe",287,36.838967,-94.917839,1
349326734419590,Timothy,Gibson,4eb84fc6cacee7d46c57d865732be917,2012-01-19T00:00:00.000+05:30,23:49:20,1327016960,shopping_net,Volkman-Predovic,428,37.518416,-95.933394,1
349326734419590,Timothy,Gibson,f5b51b07d4efd879762e23ea544a0699,2012-01-19T00:00:00.000+05:30,23:53:04,1327017184,gas_transport,Cummings LLC,194,36.287538,-94.299089,1
4368593032190508,Carla,Fleming,e0ee57eb30547ace1dd825b557b8259b,2012-01-19T00:00:00.000+05:30,23:54:12,1327017252,shopping_net,"Kuhic, Bins and Pfeffer",2378,39.767652,-74.976238,1
4092259246729,Krystal,Harper,d446970476263bccd6a5fae67d9d8217,2012-01-19T00:00:00.000+05:30,23:56:33,1327017393,gas_transport,Brekke and Sons,698,39.393252,-92.231782,1
6546851067101927,Brianna,Mercer,253ac718db97f624853153950b047d92,2012-01-20T00:00:00.000+05:30,00:03:00,1327017780,misc_net,Kris-Weimann,1079,42.279628,-90.472309,1
30300776786251,John,Brown,87853ce7c9f143e8b0f60bee007624c5,2012-01-20T00:00:00.000+05:30,00:21:27,1327018887,misc_net,"Kerluke, Kertzmann and Wiza",314,27.709234,-95.898946,1
4048725581466255,Theresa,Cole,afc28cb7778743294fe3491f62d930b3,2012-01-20T00:00:00.000+05:30,00:28:44,1327019324,misc_net,Kris-Weimann,1314,41.251163,-86.331979,1
4765125568595799,Louis,Gibson,b7a8b36b3d53f52655c7b09f1d549c89,2012-01-20T00:00:00.000+05:30,00:50:57,1327020657,misc_net,Dach-Nader,414,39.078266,-77.22733,1
4092259246729,Krystal,Harper,54b03d91fd99871d6ce0d13ed7374fd6,2012-01-20T00:00:00.000+05:30,01:33:32,1327023212,personal_care,Homenick LLC,309,41.70158,-90.093332,1
30300776786251,John,Brown,b8e251c1060470eb60ed1f0206449f59,2012-01-20T00:00:00.000+05:30,02:49:00,1327027740,misc_net,Donnelly PLC,374,30.210161,-95.283197,1
4092259246729,Krystal,Harper,2708a3a75d03371a4585f0245602ee8e,2012-01-20T00:00:00.000+05:30,03:08:44,1327028924,shopping_pos,Denesik and Sons,554,39.60147,-90.330535,1
4765125568595799,Louis,Gibson,0b3feb5caf5217fd85646c30cffba728,2012-01-20T00:00:00.000+05:30,03:14:39,1327029279,personal_care,Kirlin and Sons,569,37.933746,-77.474511,1
30300776786251,John,Brown,b669d09bc1afd57a11c078d83b45088b,2012-01-20T00:00:00.000+05:30,03:22:20,1327029740,shopping_pos,Pouros-Conroy,528,29.44156,-97.622184,1
6546851067101927,Brianna,Mercer,17d42f360243a1cd44da45661e8b53ba,2012-01-20T00:00:00.000+05:30,03:50:16,1327031416,shopping_pos,Denesik and Sons,2167,40.084791,-88.664261,1
30300776786251,John,Brown,5c11df815833dfce74b95ab93115c7be,2012-01-20T00:00:00.000+05:30,03:58:24,1327031904,shopping_pos,"Nitzsche, Kessler and Wolff",515,28.846171,-94.760419,1
30300776786251,John,Brown,4bbeab5a44c9a9cf1e1c6a3504b2a5f5,2012-01-20T00:00:00.000+05:30,05:51:04,1327038664,misc_net,Kris-Weimann,255,30.285663,-96.023652,1
6546851067101927,Brianna,Mercer,f79938cb95a58192b4302bbbdfd26941,2012-01-20T00:00:00.000+05:30,07:50:21,1327045821,shopping_pos,Beier-Hyatt,323,42.039097,-90.251652,1
4092259246729,Krystal,Harper,19b12892ec92792f643bdd9a4d6ef88c,2012-01-20T00:00:00.000+05:30,10:42:52,1327056172,misc_net,Kris-Weimann,378,39.750785,-91.848089,1
4092259246729,Krystal,Harper,91f42113bd0d6df71c0cd55c220df358,2012-01-20T00:00:00.000+05:30,22:03:26,1327097006,gas_transport,Bins-Rice,438,41.524914,-89.89255,1
4092259246729,Krystal,Harper,691d10984bff43ed971f0d9a17b39817,2012-01-20T00:00:00.000+05:30,22:05:04,1327097104,shopping_net,"Labadie, Treutel and Bode",241,40.801288,-89.548221,1
6546851067101927,Brianna,Mercer,96283c4da7aa19148d11ab9e9c11f9b5,2012-01-20T00:00:00.000+05:30,22:07:32,1327097252,grocery_pos,"Lockman, West and Runte",1253,39.431488,-88.495771,1
6546851067101927,Brianna,Mercer,cc075f97e3041e3f12c62e8b2fe86809,2012-01-20T00:00:00.000+05:30,22:13:31,1327097611,shopping_net,Rempel Inc,1391,41.811978,-90.087973,1
6546851067101927,Brianna,Mercer,8001c4e7d55941f32f7176e52e4ffaa2,2012-01-20T00:00:00.000+05:30,22:14:37,1327097677,shopping_pos,"Daugherty, Pouros and Beahan",647,39.150985,-90.51688,1
30300776786251,John,Brown,db6af078c2a31d8e3d0f5ed157d37d61,2012-01-20T00:00:00.000+05:30,22:30:19,1327098619,grocery_pos,Kuhic Inc,309,28.619144,-95.351107,1
30405027360515,Monica,Brown,2f3be6a63f77b104cd5235178f387b6b,2012-01-20T00:00:00.000+05:30,22:37:51,1327099071,grocery_pos,"Schoen, Kuphal and Nitzsche",259,41.583123,-123.176452,1
30300776786251,John,Brown,2d41a5580af126b7167a5cd704020f41,2012-01-20T00:00:00.000+05:30,22:50:11,1327099811,travel,Kessler Group,297,27.300415,-96.339417,1
30300776786251,John,Brown,20dd62443c6eef404719b980f9abb61c,2012-01-20T00:00:00.000+05:30,22:56:34,1327100194,gas_transport,Cummings LLC,223,30.432624,-95.446474,1
4048725581466255,Theresa,Cole,a521730c4bfa8b8e49f33f6932c18391,2012-01-20T00:00:00.000+05:30,22:56:35,1327100195,shopping_net,Mohr-Bayer,1688,41.934204,-89.154545,1
4765125568595799,Louis,Gibson,561b66dbcd1d0a5226d71a1a8d29634b,2012-01-20T00:00:00.000+05:30,22:57:12,1327100232,grocery_pos,Goodwin-Nitzsche,480,39.306228,-78.46349,1
30405027360515,Monica,Brown,c782ac41bf21012bf58d544768c5161c,2012-01-20T00:00:00.000+05:30,22:58:12,1327100292,shopping_net,Terry-Huel,509,41.538953,-124.969766,1
6546851067101927,Brianna,Mercer,d4a1599e3d49521274f89b6250dda6d5,2012-01-20T00:00:00.000+05:30,23:00:15,1327100415,grocery_pos,"Osinski, Ledner and Leuschke",1042,40.497948,-89.933054,1
4765125568595799,Louis,Gibson,f4b85e946d1e8e915575236bf3a14e5a,2012-01-20T00:00:00.000+05:30,23:06:06,1327100766,grocery_pos,Kilback LLC,428,39.757766,-78.078643,1
4048725581466255,Theresa,Cole,7e3c5f74325f1184378a424bedd05742,2012-01-20T00:00:00.000+05:30,23:29:31,1327102171,shopping_net,"Altenwerth, Cartwright and Koss",275,41.650259,-87.080535,1
30300776786251,John,Brown,d1ef08c149b1dba29046f46746c242eb,2012-01-20T00:00:00.000+05:30,23:30:32,1327102232,grocery_pos,Wolf Inc,274,29.283448,-94.949852,1
4765125568595799,Louis,Gibson,5f5927ea372d12f5b61d2f512089061e,2012-01-20T00:00:00.000+05:30,23:30:58,1327102258,grocery_pos,"Goldner, Kovacek and Abbott",297,39.004891,-79.502172,1
4765125568595799,Louis,Gibson,e23fde7813b4f37a1bcc70efd73bde9d,2012-01-20T00:00:00.000+05:30,23:38:00,1327102680,food_dining,Kihn-Schuster,379,38.948056,-78.856712,1
4765125568595799,Louis,Gibson,587053f9d33928bca7c02d021ce59d62,2012-01-20T00:00:00.000+05:30,23:40:49,1327102849,gas_transport,Huels-Hahn,220,37.115284,-79.597551,1
6546851067101927,Brianna,Mercer,e96dcc7ffaad30c990e31a75f404c6e2,2012-01-21T00:00:00.000+05:30,00:43:35,1327106615,shopping_pos,Beier-Hyatt,304,40.103495,-89.172431,1
30405027360515,Monica,Brown,3fd4e53263aef866c83f790df1e9fad1,2012-01-21T00:00:00.000+05:30,01:23:28,1327109008,personal_care,Morissette-Schaefer,669,40.629501,-122.306411,1
6546851067101927,Brianna,Mercer,07196efbb34512dec07f9b0e97cf6c2c,2012-01-21T00:00:00.000+05:30,02:10:00,1327111800,shopping_pos,"Nitzsche, Kessler and Wolff",1187,39.521735,-88.006452,1
30405027360515,Monica,Brown,64a0f3042f75cbe58508748bfa60736f,2012-01-21T00:00:00.000+05:30,02:14:13,1327112053,misc_net,"Bernier, Volkman and Hoeger",651,41.062118,-125.437401,1
4765125568595799,Louis,Gibson,aa3710b872049813036441ce3207631c,2012-01-21T00:00:00.000+05:30,03:04:01,1327115041,grocery_net,Jaskolski-Dibbert,224,38.577786,-77.428359,1
6546851067101927,Brianna,Mercer,5197d288fa045e6f4e681cd4cb239573,2012-01-21T00:00:00.000+05:30,03:26:10,1327116370,shopping_pos,Lesch Ltd,2062,40.428447,-88.053364,1
30300776786251,John,Brown,7a1b3fb9f6c5d205e2771f86bdb0cb6e,2012-01-21T00:00:00.000+05:30,03:29:45,1327116585,shopping_pos,Mayert Group,307,29.958445,-94.919767,1
4048725581466255,Theresa,Cole,3a805b85ac14a353df7378e369a68cd6,2012-01-21T00:00:00.000+05:30,03:37:06,1327117026,shopping_pos,"Goyette, Howell and Collier",2323,41.930135,-86.367812,1
30300776786251,John,Brown,f46f138724f2fa48c03f1c2e6feb7fac,2012-01-21T00:00:00.000+05:30,04:49:31,1327121371,misc_net,Kerluke Inc,356,28.048966,-95.998578,1
4765125568595799,Louis,Gibson,f839fdb13228089c00639af0574f9fb1,2012-01-21T00:00:00.000+05:30,06:09:12,1327126152,misc_net,Donnelly PLC,327,38.009106,-77.147944,1
30405027360515,Monica,Brown,ddcd3e5e87de86861f09db2f34ce4112,2012-01-21T00:00:00.000+05:30,15:18:46,1327159126,entertainment,Bins-Tillman,610,39.760266,-123.153859,1
4048725581466255,Theresa,Cole,0985b1ec2ba53ece63dd525a28d0fbbc,2012-01-21T00:00:00.000+05:30,16:22:37,1327162957,grocery_pos,Cartwright-Harris,213,42.959636,-86.647456,1
30405027360515,Monica,Brown,e2531bb639315489c26b39dcfdcff447,2012-01-21T00:00:00.000+05:30,21:57:54,1327183074,shopping_net,Hills-Witting,578,39.339053,-123.340603,1
30300776786251,John,Brown,98e6c03a9f1bac36ce641d20f54cb7d7,2012-01-21T00:00:00.000+05:30,22:03:38,1327183418,grocery_pos,Lockman Ltd,490,27.553099,-95.036552,1
4765125568595799,Louis,Gibson,4274be512c3c9f8925bdeb7b4fe49a49,2012-01-21T00:00:00.000+05:30,22:15:46,1327184146,grocery_pos,DuBuque LLC,323,38.315717,-78.52872,1
4765125568595799,Louis,Gibson,06a0e5adf5c69fa16703e49e61b693c6,2012-01-21T00:00:00.000+05:30,22:17:12,1327184232,grocery_pos,Heidenreich PLC,448,37.589857,-79.60487,1
30405027360515,Monica,Brown,649ef8fcc699d9e191e2bad593ffebfa,2012-01-21T00:00:00.000+05:30,22:23:36,1327184616,misc_pos,Torp-Lemke,621,39.505043,-122.368355,1
30405027360515,Monica,Brown,6de7a55e547c7c46dd4b12a1b6ce9300,2012-01-21T00:00:00.000+05:30,22:36:52,1327185412,shopping_net,Rempel Inc,627,41.665505,-124.860411,1
6546851067101927,Brianna,Mercer,3c4c39a391b2ca3978574a9538c89327,2012-01-21T00:00:00.000+05:30,22:39:05,1327185545,grocery_pos,Vandervort-Funk,1120,39.25523,-89.691483,1
4048725581466255,Theresa,Cole,c4f5ab0bd262d547a488b2a9ef834afb,2012-01-21T00:00:00.000+05:30,22:48:19,1327186099,shopping_net,"Reichert, Rowe and Mraz",2699,43.009733,-88.239351,1
4048725581466255,Theresa,Cole,2420610ee650c31266a360b6c4e4e6c7,2012-01-21T00:00:00.000+05:30,22:57:14,1327186634,entertainment,"Welch, Rath and Koepp",1384,41.100244,-85.987183,1
4765125568595799,Louis,Gibson,aa02daccb8ae4de0548fa646dae46483,2012-01-21T00:00:00.000+05:30,22:57:59,1327186679,gas_transport,Sporer Inc,334,39.752484,-77.309576,1
30405027360515,Monica,Brown,f13c88ed4201147b935efc46805b23b8,2012-01-21T00:00:00.000+05:30,23:19:41,1327187981,grocery_pos,"Schultz, Simonis and Little",568,40.219943,-123.667754,1
4765125568595799,Louis,Gibson,4434119c5528efc04803009ce402f57b,2012-01-21T00:00:00.000+05:30,23:43:58,1327189438,grocery_pos,Cartwright-Harris,188,38.024259,-79.136579,1
4765125568595799,Louis,Gibson,e8345eec0f1fef5447ed0e2b5f603077,2012-01-21T00:00:00.000+05:30,23:46:03,1327189563,grocery_pos,Bailey-Morar,325,39.790209,-79.41983,1
6546851067101927,Brianna,Mercer,2fa6c7e51876951cb178176603300e5c,2012-01-21T00:00:00.000+05:30,23:49:45,1327189785,grocery_pos,Rutherford-Mertz,1643,39.647668,-90.807133,1
4765125568595799,Louis,Gibson,ae5e8e6b31ac22c742c907f31bc7616c,2012-01-21T00:00:00.000+05:30,23:56:18,1327190178,travel,Leannon-Nikolaus,392,37.524049,-79.676986,1
3526015186182660,Carl,Gomez,864c5b03c43c00d32f8dd7c7e6013e60,2012-01-23T00:00:00.000+05:30,15:59:46,1327334386,shopping_net,"Reichert, Rowe and Mraz",510,38.085898,-121.558968,1
3526015186182660,Carl,Gomez,20cb86b4e042bef7cd96b5e543b95b1a,2012-01-23T00:00:00.000+05:30,22:08:20,1327356500,entertainment,"Schaefer, Fay and Hilll",370,38.448676,-121.782025,1
38535403302699,William,Reed,d3b97c9785fdb203ebbc34e924661038,2012-01-23T00:00:00.000+05:30,22:21:01,1327357261,shopping_net,"Altenwerth, Cartwright and Koss",1190,38.371104,-84.733744,1
38535403302699,William,Reed,a3936620043cf143ecc29598214f8279,2012-01-23T00:00:00.000+05:30,22:24:10,1327357450,grocery_pos,Pacocha-OReilly,1368,39.225709,-81.816459,1
3526015186182660,Carl,Gomez,bc451d7402d30b0bdbf9504a04774386,2012-01-23T00:00:00.000+05:30,23:03:52,1327359832,grocery_pos,Kiehn-Emmerich,248,36.616303,-119.396442,1
3526015186182660,Carl,Gomez,1b5b4de7f5e571f38c3c8bbac59f522b,2012-01-23T00:00:00.000+05:30,23:13:50,1327360430,misc_pos,Turcotte-Halvorson,263,39.762237,-119.561306,1
3526015186182660,Carl,Gomez,510159cd8d0e14d9a3b44c1c2eb3e5aa,2012-01-24T00:00:00.000+05:30,00:54:53,1327366493,misc_net,"Rohan, White and Aufderhar",554,38.185517,-121.66663,1
3526015186182660,Carl,Gomez,e4958f298627f8c72f429508800054bd,2012-01-24T00:00:00.000+05:30,02:55:03,1327373703,personal_care,Parker-Kunde,512,37.089702,-118.960622,1
4738555317386146,John,Peterson,94aa46c7485b3a46f46bf3a1343ec5d6,2012-01-24T00:00:00.000+05:30,09:35:54,1327397754,gas_transport,"Connelly, Reichert and Fritsch",325,33.627209,-87.036776,1
38535403302699,William,Reed,d4d3d9e0d81868aec028e7dc3f1b22a4,2012-01-24T00:00:00.000+05:30,16:22:17,1327422137,grocery_pos,"Rowe, Batz and Goodwin",214,40.345257,-82.657561,1
38535403302699,William,Reed,1c2f0aa244be51d3b38a5cb3f9a8add0,2012-01-24T00:00:00.000+05:30,16:25:40,1327422340,shopping_net,Kuhic LLC,296,38.620147,-81.782528,1
38535403302699,William,Reed,59d500376b6e4e65f72b874ebb681a23,2012-01-24T00:00:00.000+05:30,22:31:37,1327444297,grocery_pos,OKeefe-Hudson,1192,38.366534,-82.279188,1
38535403302699,William,Reed,24382cb0939d92900399dd38915c7b12,2012-01-24T00:00:00.000+05:30,22:37:00,1327444620,shopping_net,Rempel Inc,232,39.441865,-83.862254,1
3526015186182660,Carl,Gomez,8e171dad4ff7014ef9774908a52eed01,2012-01-24T00:00:00.000+05:30,22:45:27,1327445127,shopping_net,Price Inc,195,37.544518,-120.272902,1
3526015186182660,Carl,Gomez,f0683c09beae07a5716a1a28bf3b0b0e,2012-01-24T00:00:00.000+05:30,22:47:22,1327445242,grocery_pos,Schamberger-OKeefe,506,38.364011,-120.562824,1
38535403302699,William,Reed,928f11d197c74a767b206acd0f9826da,2012-01-24T00:00:00.000+05:30,23:16:55,1327447015,shopping_net,"Heathcote, Yost and Kertzmann",942,38.599529,-84.339674,1
3526015186182660,Carl,Gomez,cd96a3d98dded8e0ba22651b78646c62,2012-01-24T00:00:00.000+05:30,23:23:43,1327447423,grocery_pos,Doyle Ltd,350,39.002821,-119.819249,1
3526015186182660,Carl,Gomez,4420c120b5385c8c0e2a4fea7e5e77b6,2012-01-24T00:00:00.000+05:30,23:28:41,1327447721,shopping_net,"Greenholt, OHara and Balistreri",234,39.902371,-119.341191,1
3526015186182660,Carl,Gomez,993d8152a9df629cb973ef5b624d5909,2012-01-24T00:00:00.000+05:30,23:41:49,1327448509,shopping_net,Terry-Huel,276,36.86027,-119.747709,1
3526015186182660,Carl,Gomez,91c6d6c0c8f27ab27335e9b8429d8e0c,2012-01-24T00:00:00.000+05:30,23:42:47,1327448567,travel,"Champlin, Rolfson and Connelly",206,37.795236,-119.610844,1
30170394853324,Kevin,Martin,eb056ade07de78f66ce89524305cc228,2012-01-25T00:00:00.000+05:30,00:02:46,1327449766,personal_care,"Becker, Harris and Harvey",586,44.533954,-78.199697,1
4738555317386146,John,Peterson,537302b152e6baaff1c2afe5973b2f58,2012-01-25T00:00:00.000+05:30,01:22:03,1327454523,misc_net,Kunde-Sanford,895,36.180598,-86.703006,1
5421885738881170,Jeremy,Torres,06060169842c43863ff6451a18ea4791,2012-01-25T00:00:00.000+05:30,01:30:03,1327455003,gas_transport,"Raynor, Feest and Miller",214,39.390013,-82.410958,1
5421885738881170,Jeremy,Torres,54b5ee9c0f1a8cf6911e7a52bb78a6ec,2012-01-25T00:00:00.000+05:30,01:54:00,1327456440,shopping_pos,Stoltenberg-Beatty,244,39.736067,-82.908071,1
4738555317386146,John,Peterson,c8fb39efd218ae17bfd7ada7e691c3e5,2012-01-25T00:00:00.000+05:30,02:13:39,1327457619,gas_transport,Friesen-Stamm,484,33.543801,-88.9037,1
30170394853324,Kevin,Martin,4f282aba154469eceead8bbee0a2f12d,2012-01-25T00:00:00.000+05:30,02:36:22,1327458982,shopping_pos,Torphy-Goyette,269,42.193569,-75.53534,1
4738555317386146,John,Peterson,d89f8dfa895cf9fe1048f5a33aadcddc,2012-01-25T00:00:00.000+05:30,02:57:43,1327460263,shopping_pos,"Bins, Balistreri and Beatty",870,34.876575,-86.242135,1
5421885738881170,Jeremy,Torres,f9dc8d882d612bf80318ab3ddbe8958f,2012-01-25T00:00:00.000+05:30,03:31:10,1327462270,entertainment,Morissette LLC,209,41.875836,-83.741965,1
5421885738881170,Jeremy,Torres,2dde87d0684b4c2979ac7e31eda0873b,2012-01-25T00:00:00.000+05:30,03:51:19,1327463479,misc_net,Jaskolski-Vandervort,226,39.995998,-84.624333,1
30170394853324,Kevin,Martin,caad9ab61580cdc06607f2259a109f45,2012-01-25T00:00:00.000+05:30,05:15:16,1327468516,health_fitness,"Hermiston, Pacocha and Smith",190,43.540713,-75.561444,1
30170394853324,Kevin,Martin,fe3443a12e1ef8fd4e92c65c958466c2,2012-01-25T00:00:00.000+05:30,06:22:57,1327472577,misc_net,Bogisich-Homenick,520,44.412112,-77.630363,1
5421885738881170,Jeremy,Torres,5ffc8aa16e14402c4d46bfa91b83d122,2012-01-25T00:00:00.000+05:30,10:08:15,1327486095,misc_net,"Rippin, Kub and Mann",217,40.107808,-83.46177,1
5421885738881170,Jeremy,Torres,98faf0488d2cece2e632e21c67527f0b,2012-01-25T00:00:00.000+05:30,11:15:04,1327490104,personal_care,Bins-Howell,256,38.631997,-81.349237,1
30170394853324,Kevin,Martin,cfddd80370a288df4e8a056f582d7160,2012-01-25T00:00:00.000+05:30,15:21:07,1327504867,grocery_pos,"Lockman, West and Runte",348,44.599261,-75.189609,1
30170394853324,Kevin,Martin,0f214cc98ae09a874997d01c5f0fbc37,2012-01-25T00:00:00.000+05:30,17:53:37,1327514017,grocery_pos,Vandervort-Funk,349,41.517753,-77.859043,1
5417459284978545,Angel,Smith,70e63ec9b17cc6288571cb2ed7424bd5,2012-01-25T00:00:00.000+05:30,22:00:54,1327528854,gas_transport,"Schaefer, McGlynn and Bosco",290,42.917006,-76.179649,1
5421885738881170,Jeremy,Torres,a37c1d4e2b7f62ce2ae1a437788a33bd,2012-01-25T00:00:00.000+05:30,22:11:54,1327529514,shopping_net,"Gottlieb, Considine and Schultz",243,40.008553,-81.744397,1
30170394853324,Kevin,Martin,08226bcb35bc691e975a57039afc044e,2012-01-25T00:00:00.000+05:30,22:15:03,1327529703,grocery_pos,Padberg-Welch,325,42.932533,-75.474163,1
5421885738881170,Jeremy,Torres,4df7bde5ce4ce708af34f4494e09d358,2012-01-25T00:00:00.000+05:30,22:18:52,1327529932,shopping_net,Fisher Inc,217,41.844528,-82.468209,1
5417459284978545,Angel,Smith,62217b1cb71ba95ae5823498ca2c7546,2012-01-25T00:00:00.000+05:30,22:21:56,1327530116,grocery_pos,Koepp-Witting,502,41.531437,-79.028405,1
5421885738881170,Jeremy,Torres,a09e62e6412e0eccec033316fd84bf54,2012-01-25T00:00:00.000+05:30,22:26:10,1327530370,shopping_net,Lemke-Gutmann,222,39.284301,-81.873239,1
5421885738881170,Jeremy,Torres,4682e3b7c7fa368a15e4fe01ea5ea2ec,2012-01-25T00:00:00.000+05:30,22:27:20,1327530440,grocery_pos,"Heller, Gutmann and Zieme",232,39.616153,-84.609503,1
5417459284978545,Angel,Smith,e68c35829e8519a6bff4ed2740332b21,2012-01-25T00:00:00.000+05:30,22:31:23,1327530683,grocery_pos,Murray-Smitham,1057,43.003885,-76.795875,1
5417459284978545,Angel,Smith,bb83bdf4d9acd3f922c3521f2f92a1a0,2012-01-25T00:00:00.000+05:30,22:40:00,1327531200,grocery_pos,"Kovacek, Dibbert and Ondricka",392,43.929969,-77.843901,1
4738555317386146,John,Peterson,e54db94cf39dfb9c02379c34e2acaca3,2012-01-25T00:00:00.000+05:30,23:13:59,1327533239,shopping_net,Kerluke-Abshire,402,36.355639,-89.324768,1
30170394853324,Kevin,Martin,2fa0513f19cff39bd2e88bea7c0aa6e3,2012-01-25T00:00:00.000+05:30,23:28:16,1327534096,gas_transport,Harris Inc,351,43.562498,-77.230107,1
5417459284978545,Angel,Smith,502169d3beb0ce86c493971e54582833,2012-01-25T00:00:00.000+05:30,23:29:30,1327534170,misc_pos,McCullough LLC,1246,42.325479,-77.045865,1
30170394853324,Kevin,Martin,a8ad9fb4cd5eecae6d5adc5009d11673,2012-01-25T00:00:00.000+05:30,23:32:11,1327534331,shopping_net,Price Inc,211,44.553532,-78.112314,1
4738555317386146,John,Peterson,ca3af84f0f12902a091666c87d8e838d,2012-01-25T00:00:00.000+05:30,23:47:11,1327535231,grocery_pos,DuBuque LLC,695,34.949444,-87.649077,1
4738555317386146,John,Peterson,388711178526b2e99becd03d886bcf33,2012-01-25T00:00:00.000+05:30,23:59:50,1327535990,shopping_net,Cormier LLC,365,36.457242,-87.861717,1
5417459284978545,Angel,Smith,8b138451fe997d623cc7b8ce05ba6e69,2012-01-26T00:00:00.000+05:30,00:30:30,1327537830,misc_net,Kuhn LLC,394,41.900491,-77.330969,1
5417459284978545,Angel,Smith,1e397afe4027cd3e04e1c881aad81204,2012-01-26T00:00:00.000+05:30,01:03:19,1327539799,misc_net,Flatley-Durgan,952,44.453934,-78.792145,1
5417459284978545,Angel,Smith,53651866cb427a8b33ffb8dce496b1b2,2012-01-26T00:00:00.000+05:30,01:12:23,1327540343,grocery_net,Bahringer-Larson,841,41.334989,-76.082994,1
5421885738881170,Jeremy,Torres,aa16067da4bee1eae6fff6111b092a44,2012-01-26T00:00:00.000+05:30,02:32:00,1327545120,misc_net,Corwin-Gorczany,252,40.336259,-81.763809,1
5421885738881170,Jeremy,Torres,b398c6da289cac84459c25a166ab43a5,2012-01-26T00:00:00.000+05:30,03:27:10,1327548430,shopping_pos,"Nitzsche, Kessler and Wolff",240,41.019379,-82.989521,1
5421885738881170,Jeremy,Torres,39bcb6a6a33f692b4b6ebec03aa79ac8,2012-01-26T00:00:00.000+05:30,05:38:57,1327556337,gas_transport,"Jenkins, Hauck and Friesen",244,41.313708,-83.790338,1
5421885738881170,Jeremy,Torres,8de378dee9c329abe3789c77c4ee0a2f,2012-01-26T00:00:00.000+05:30,21:56:42,1327615002,grocery_pos,DuBuque LLC,250,39.526028,-81.685911,1
30170394853324,Kevin,Martin,a3c6c5330811e6ffc75aaccb97c39ca5,2012-01-26T00:00:00.000+05:30,22:01:03,1327615263,kids_pets,Hilpert-Conroy,286,43.660812,-75.964735,1
5421885738881170,Jeremy,Torres,5461178491439d664ce9f7ec2e8f3619,2012-01-26T00:00:00.000+05:30,22:30:56,1327617056,shopping_net,"Gottlieb, Considine and Schultz",216,40.801297,-83.10743,1
30170394853324,Kevin,Martin,4c3049b04ab4df88442cc92f51cf9831,2012-01-26T00:00:00.000+05:30,22:34:45,1327617285,shopping_net,"Mosciski, Ziemann and Farrell",449,43.249989,-75.97238,1
5421885738881170,Jeremy,Torres,970aa84417029511c87c02f951fdb4d4,2012-01-26T00:00:00.000+05:30,23:02:29,1327618949,shopping_net,"Little, Gutmann and Lynch",200,41.562874,-83.061803,1
5417459284978545,Angel,Smith,97087ccf2143063882d3b9df46810cd4,2012-01-26T00:00:00.000+05:30,23:07:44,1327619264,grocery_pos,OKeefe-Hudson,774,43.843854,-78.761845,1
5417459284978545,Angel,Smith,b0cab34e66427976e2cd50ec66108dd1,2012-01-26T00:00:00.000+05:30,23:31:41,1327620701,grocery_pos,Stracke-Lemke,530,41.698347,-79.291538,1
5417459284978545,Angel,Smith,68fe8b3d8543cce121fe2d7656101e3f,2012-01-26T00:00:00.000+05:30,23:41:52,1327621312,kids_pets,"Lang, Towne and Schuppe",683,43.099263,-77.715566,1
5157595343543285,Stephanie,Martin,2b831311018d0dce04bbe563ea521abc,2016-01-23T00:00:00.000+05:30,00:53:04,1453510384,travel,Ebert-Daugherty,280,26.540609,-97.150172,1
5157595343543285,Stephanie,Martin,6cbf42706ae9f7c81a3df3e3035b8d26,2016-01-23T00:00:00.000+05:30,01:11:12,1453511472,personal_care,Kub PLC,767,27.824719,-97.176828,1
5157595343543285,Stephanie,Martin,f5b618472c6c14a745e961d0385280be,2016-01-23T00:00:00.000+05:30,01:45:02,1453513502,grocery_net,Rempel PLC,736,26.319252,-99.652606,1
5157595343543285,Stephanie,Martin,3e5d65c394653fd6677686a6287230d2,2016-01-23T00:00:00.000+05:30,22:47:19,1453589239,grocery_pos,"Huel, Hammes and Witting",246,28.399466,-97.769062,1
5157595343543285,Stephanie,Martin,22c5cce05216543b6cdbc85a40c8d882,2016-01-24T00:00:00.000+05:30,02:16:42,1453601802,travel,Leannon-Nikolaus,468,26.534749,-97.468622,1
5157595343543285,Stephanie,Martin,c9974ab6574510a22e243659bce4475b,2016-01-24T00:00:00.000+05:30,03:27:26,1453606046,shopping_pos,Kuhn LLC,462,27.296912,-100.513584,1
5157595343543285,Stephanie,Martin,fb1587ed425abdb831844dd86d0b86ed,2016-01-24T00:00:00.000+05:30,22:02:50,1453672970,home,Streich Ltd,475,26.85382,-98.080691,1
675985166411,Rebecca,Brown,42fcf849e464037cc9485fbc104f6a9d,2016-05-03T00:00:00.000+05:30,00:35:12,1462235712,entertainment,Kassulke Inc,431,45.82376,-73.490743,1
675985166411,Rebecca,Brown,e4a0eed03496181cb890bea2590ed7e1,2016-05-03T00:00:00.000+05:30,02:27:17,1462242437,shopping_pos,Kris-Padberg,727,46.163044,-73.867129,1
675985166411,Rebecca,Brown,fe3274459f2cf2f612542514139a00d9,2016-05-03T00:00:00.000+05:30,03:49:58,1462247398,health_fitness,Rippin-VonRueden,574,45.137923,-76.432674,1
675985166411,Rebecca,Brown,cb879a3e515fa5c7b02e6e8e559bbd21,2016-05-03T00:00:00.000+05:30,03:54:58,1462247698,shopping_net,"Baumbach, Feeney and Morar",562,44.236597,-76.437062,1
675985166411,Rebecca,Brown,6e3a751e5672074a621cc3adb7df34ea,2016-05-03T00:00:00.000+05:30,05:10:46,1462252246,misc_net,"Rodriguez, Yost and Jenkins",346,43.937547,-74.378207,1
675985166411,Rebecca,Brown,f6a92448b3fd1bd9c34817d9fd8c08db,2016-05-03T00:00:00.000+05:30,14:57:46,1462287466,grocery_pos,Schamberger-OKeefe,321,45.690596,-73.66109,1
675985166411,Rebecca,Brown,20bbbf642b052d2c28803bc2d697e7f1,2016-05-03T00:00:00.000+05:30,15:47:40,1462290460,shopping_net,"Zboncak, Rowe and Murazik",538,46.101262,-76.257293,1
675985166411,Rebecca,Brown,ebdfb234ad8b1c97811b8a5f6301fd9d,2016-05-03T00:00:00.000+05:30,23:44:44,1462319084,kids_pets,"Hauck, Dietrich and Funk",396,43.395147,-75.763114,1
675985166411,Rebecca,Brown,9d5ee9c1f5ed5dad3dc14d1dc084ad95,2016-05-04T00:00:00.000+05:30,00:20:12,1462321212,entertainment,Brown-Greenholt,826,46.101154,-76.482807,1
675985166411,Rebecca,Brown,51be3a47857d06128ae0bbfd7e5dd0e0,2016-05-04T00:00:00.000+05:30,02:16:48,1462328208,entertainment,Dibbert and Sons,570,43.449756,-75.180667,1
675985166411,Rebecca,Brown,557595760e1d0d1d3ae431cbb29d8a9c,2016-05-04T00:00:00.000+05:30,22:47:33,1462402053,grocery_pos,Kuhic Inc,440,43.525518,-73.705683,1
4483018920250,Helen,Strong,9dd4a41b31f3501bc71a3c732493e13a,2016-07-09T00:00:00.000+05:30,02:30:58,1468031458,shopping_net,"Langworth, Boehm and Gulgowski",587,36.059199,-108.093589,1
4483018920250,Helen,Strong,91ce38ef8e24ef604c8fe81f0f3fa47e,2016-07-09T00:00:00.000+05:30,02:55:37,1468032937,travel,Romaguera and Sons,524,35.792286,-109.647979,1
4483018920250,Helen,Strong,e29a019ec9c7600c9d72fe703f63389b,2016-07-09T00:00:00.000+05:30,08:04:09,1468051449,travel,"Douglas, DuBuque and McKenzie",588,36.206075,-109.24335,1
4483018920250,Helen,Strong,fcd005ebbbaea7bff79fae1c86480715,2016-07-09T00:00:00.000+05:30,18:08:16,1468087696,grocery_pos,Cole PLC,435,38.388723,-108.007061,1
4483018920250,Helen,Strong,80522e887105196251bf6b9bbed2064a,2016-07-09T00:00:00.000+05:30,22:12:16,1468102336,grocery_pos,McDermott-Weimann,699,35.802825,-108.536396,1
4483018920250,Helen,Strong,cbabd6726f33fd0ed440cc92baeff872,2016-07-09T00:00:00.000+05:30,23:30:38,1468107038,home,Renner Ltd,347,35.507304,-107.594906,1
4483018920250,Helen,Strong,566e09df572671ae8f575e8d6b07e60b,2016-07-10T00:00:00.000+05:30,00:12:28,1468109548,entertainment,"Runolfsdottir, Mueller and Hand",799,35.521668,-106.90877,1
4483018920250,Helen,Strong,b328d07a1e628a4f55e8c63932afbefc,2016-07-10T00:00:00.000+05:30,01:44:04,1468115044,personal_care,"Nienow, Barrows and Romaguera",368,37.829509,-108.056432,1
4483018920250,Helen,Strong,4f0ef83c7a73c6a8d1839cc78be9400a,2016-07-10T00:00:00.000+05:30,02:03:25,1468116205,shopping_net,"Stanton, Jakubowski and Baumbach",381,36.564946,-109.278715,1
4483018920250,Helen,Strong,2ff14b9c1eca6a34cb56b40039adac38,2016-07-10T00:00:00.000+05:30,02:21:40,1468117300,shopping_pos,Stoltenberg-Beatty,634,38.510459,-109.504374,1
4483018920250,Helen,Strong,7267cea1c7f89c059ce05307f9e1d5df,2016-07-10T00:00:00.000+05:30,02:37:38,1468118258,shopping_net,"Zboncak, Rowe and Murazik",571,35.539499,-106.95531,1
4483018920250,Helen,Strong,3842b5169ada52681420135f1c916853,2016-07-10T00:00:00.000+05:30,22:56:14,1468191374,kids_pets,Daugherty LLC,330,37.740206,-107.538071,1
6011779269963768,Jennifer,Harvey,f62eeba618228cfb5b97278e2837e0a8,2016-08-01T00:00:00.000+05:30,11:57:24,1470052644,shopping_pos,Hickle Group,769,38.196033,-89.180357,1
6011779269963768,Jennifer,Harvey,10881f67a1751df7e8ea599b81e6f00c,2016-08-01T00:00:00.000+05:30,22:53:38,1470092018,kids_pets,Lubowitz-Walter,530,37.299637,-88.523164,1
6011779269963768,Jennifer,Harvey,3565e7648c4e418c237911aae01c5b67,2016-08-01T00:00:00.000+05:30,23:57:14,1470095834,kids_pets,Weimann-Lockman,326,38.150018,-89.272993,1
6011779269963768,Jennifer,Harvey,0ffa2e387f30678ff0caf83664aec8ae,2016-08-02T00:00:00.000+05:30,00:51:54,1470099114,personal_care,Kautzer and Sons,667,35.389334,-88.527318,1
6011779269963768,Jennifer,Harvey,1224e5374fe7fc1da16b8ca31389e768,2016-08-02T00:00:00.000+05:30,16:09:10,1470154150,grocery_pos,OKeefe-Hudson,293,37.646282,-88.970836,1
6011779269963768,Jennifer,Harvey,51fc00662dfed8300110a232a081746c,2016-08-02T00:00:00.000+05:30,16:20:40,1470154840,home,"Witting, Beer and Ernser",630,38.307927,-88.348583,1
6011779269963768,Jennifer,Harvey,6108f976b9ecde6305aa84c379f49329,2016-08-02T00:00:00.000+05:30,18:17:07,1470161827,grocery_pos,Barton Inc,546,38.079855,-89.645083,1
6011779269963768,Jennifer,Harvey,011cc86a785498f8633ad4dcf57f1e0f,2016-08-02T00:00:00.000+05:30,18:35:36,1470162936,shopping_net,Terry-Huel,301,35.849033,-90.637685,1
6011779269963768,Jennifer,Harvey,a35fcff09fb8b8111f19d0c49d9c0d34,2016-08-02T00:00:00.000+05:30,23:21:22,1470180082,food_dining,"Hagenes, Kohler and Hoppe",321,36.760804,-88.740747,1
4641003399120410,Tiffany,Russell,7581ff8cf6cc2e82fb33f6de68cf5eef,2016-09-24T00:00:00.000+05:30,22:37:50,1474756670,food_dining,Kilback Group,855,43.514922,-91.450241,1
4641003399120410,Tiffany,Russell,12c0676dcac7b17165a753a20b20b4de,2016-09-24T00:00:00.000+05:30,23:11:35,1474758695,home,Wuckert-Goldner,501,42.678862,-91.046393,1
4641003399120410,Tiffany,Russell,d850d081e86ba602fd8cdc7fd59ab4e9,2016-09-24T00:00:00.000+05:30,23:34:47,1474760087,grocery_pos,Kunze Inc,454,40.488448,-93.3132,1
4641003399120410,Tiffany,Russell,f8512b8c948310cba0f7f94cc509a7e7,2016-09-25T00:00:00.000+05:30,00:22:22,1474762942,shopping_net,"Altenwerth, Cartwright and Koss",550,43.632919,-92.113826,1
4641003399120410,Tiffany,Russell,5668f4ee76077fec88671fc8f6cf409a,2016-09-25T00:00:00.000+05:30,06:48:32,1474786112,shopping_pos,"Quitzon, Green and Bashirian",242,42.570266,-93.639275,1
4641003399120410,Tiffany,Russell,0daef038aff7d75fd84d099108456e61,2016-09-25T00:00:00.000+05:30,21:00:13,1474837213,shopping_net,"Streich, Dietrich and Barton",352,40.60813,-90.848949,1
4641003399120410,Tiffany,Russell,3cfcd73b2fbf7449d8bedd9188dbce21,2016-09-25T00:00:00.000+05:30,22:28:31,1474842511,home,Gaylord-Powlowski,208,43.418862,-92.464613,1
4641003399120410,Tiffany,Russell,4b0a74dda14236eb44e95d57812dbefe,2016-09-25T00:00:00.000+05:30,22:29:35,1474842575,home,Ernser-Feest,765,41.211894,-90.531545,1
4361646620879135,Kimberly,Hudson,4cf0ae27503e6366ebf0502663032659,2016-11-30T00:00:00.000+05:30,02:14:47,1480472087,gas_transport,"Streich, Hansen and Veum",191,40.748447,-76.124242,1
4361646620879135,Kimberly,Hudson,53949c7d9a49073800851e37b07c2dba,2016-11-30T00:00:00.000+05:30,23:40:01,1480549201,kids_pets,Goyette-Gerhold,539,41.654969,-73.221953,1
4361646620879135,Kimberly,Hudson,af5ec4ff8b320f310406794c04f2d643,2016-12-01T00:00:00.000+05:30,01:45:02,1480556702,travel,"Hodkiewicz, Prohaska and Paucek",471,41.485441,-73.228024,1
4361646620879135,Kimberly,Hudson,7b21ff960b6e1d8e5bdaa8044e85851d,2016-12-01T00:00:00.000+05:30,02:29:23,1480559363,personal_care,Shanahan-Lehner,637,41.569653,-73.450462,1
4361646620879135,Kimberly,Hudson,243298d056e7c08fbd356fc7d1385c87,2016-12-01T00:00:00.000+05:30,22:31:51,1480631511,kids_pets,Brown Inc,308,42.198637,-75.272263,1
4361646620879135,Kimberly,Hudson,2390d1bf2086272d309ea7a4b6fbc697,2016-12-01T00:00:00.000+05:30,23:07:39,1480633659,shopping_net,Mohr-Bayer,261,41.162535,-75.843331,1
4361646620879135,Kimberly,Hudson,19b76c72c860aa2a560ab4acf98ee373,2016-12-01T00:00:00.000+05:30,23:16:52,1480634212,home,"Durgan, Gislason and Spencer",449,40.097713,-73.577023,1
4170242670039985,Rebecca,Trujillo,6f08d640c3c3cfd61a9fc7034bccb012,2017-01-07T00:00:00.000+05:30,02:28:02,1483756082,gas_transport,Sporer Inc,549,46.663038,-106.800512,1
4170242670039985,Rebecca,Trujillo,64e6ee4039f4cc99967b2a291c2b56d6,2017-01-07T00:00:00.000+05:30,03:39:31,1483760371,misc_net,Durgan-Auer,359,45.711476,-105.843515,1
4170242670039985,Rebecca,Trujillo,07b547d46a8abcba7f202319d0f06613,2017-01-07T00:00:00.000+05:30,10:48:58,1483786138,entertainment,Bauch-Blanda,543,45.762771,-105.244705,1
4170242670039985,Rebecca,Trujillo,f58f57c619d38bdcb7402ed0ec7c9e14,2017-01-07T00:00:00.000+05:30,13:27:26,1483795646,misc_pos,Christiansen-Gusikowski,660,46.973811,-105.522504,1
4170242670039985,Rebecca,Trujillo,3ec8145caaac7a25cf1354647f9ef495,2017-01-07T00:00:00.000+05:30,16:26:44,1483806404,food_dining,"Bahringer, Osinski and Block",430,45.616826,-107.786245,1
4170242670039985,Rebecca,Trujillo,052f52c88eadcc7bca1fa0ada6f8510d,2017-01-08T00:00:00.000+05:30,00:49:29,1483836569,gas_transport,Luettgen PLC,306,44.822084,-105.731716,1
4170242670039985,Rebecca,Trujillo,5792be7a7c42c4a43bec8cf8e4656130,2017-01-08T00:00:00.000+05:30,00:51:46,1483836706,gas_transport,Corwin-Collins,598,46.115751,-108.343078,1
4170242670039985,Rebecca,Trujillo,be8b0d829f8dcd8bfc07bc55769b4886,2017-01-08T00:00:00.000+05:30,01:30:44,1483839044,personal_care,"Walter, Hettinger and Kessler",250,44.373965,-105.859419,1
4170242670039985,Rebecca,Trujillo,3533474a894a7adfb209b99083a39895,2017-01-08T00:00:00.000+05:30,03:36:09,1483846569,gas_transport,Mraz-Herzog,684,45.514195,-105.135849,1
4170242670039985,Rebecca,Trujillo,e2233cdbdf5b9575eeefdcf05e960bc2,2017-01-08T00:00:00.000+05:30,03:38:55,1483846735,shopping_pos,Sawayn PLC,243,44.383613,-108.131261,1
4170242670039985,Rebecca,Trujillo,9e6581b0e14c40824f5da7a182b0352f,2017-01-08T00:00:00.000+05:30,16:47:15,1483894035,kids_pets,"Yost, Schamberger and Windler",455,45.716675,-106.01059,1
4170242670039985,Rebecca,Trujillo,37dae2b4fee9ef33d2611bf9ac182ef4,2017-01-08T00:00:00.000+05:30,22:10:29,1483913429,kids_pets,"Lang, Towne and Schuppe",803,44.900712,-106.594845,1
4170242670039985,Rebecca,Trujillo,f6e9667d78b684807d61d28ca3a315fd,2017-01-08T00:00:00.000+05:30,22:52:12,1483915932,food_dining,Connelly PLC,341,45.975808,-105.269451,1
